<?xml version="1.0" encoding="UTF-8"?>

<metadata
  xmlns:xsi="http://www.w3.org/2001/XMLSchema-instance"
  xmlns:dc="http://purl.org/dc/elements/1.1/"
  xmlns:dcterms="http://purl.org/dc/terms/">
  
  <dcterms:title>
	Letter from Goslett, Charles A to Tate, Alfred Ord, March 07, 1890
  </dcterms:title>
  <dcterms:date>
	1890-03-07
  </dcterms:date>
  <dcterms:creator>
  	Goslett, Charles A
  </dcterms:creator>
  <dcterms:contributor>
	Tate, Alfred Ord
  </dcterms:contributor>
  <dcterms:subject>
	Weyher and Richemond; Engines, boilers, prime movers; Purchases
  </dcterms:subject>   
  <dcterms:publisher>
	The Thomas Edison Papers, part of The School of Arts and Sciences at Rutgers, The State University of New Jersey
  </dcterms:publisher>
  <dcterms:source>
	Courtesy of Thomas Edison National Historical Park.
  </dcterms:source>
  <dcterms:identifier>
	CJ002ABG
  </dcterms:identifier>
	<dcterms:identifier>
		TAEM 149:98
	</dcterms:identifier>
  <dcterms:isPartOf>
	[CJ002] Company Records Series -- New Jersey and Pennsylvania Concentrating Works -- Administrative and Financial Records Correspondence (1890)
  </dcterms:isPartOf> 
  <dcterms:isPartOf type="dcterms:URI">
	http://edison.rutgers.edu/NamesSearch/glocpage.php?gloc=CJ002
  </dcterms:isPartOf>
  <dcterms:hasPart type="dcterms:URI">http://edison.rutgers.edu/images/fs/fs0087.jpg</dcterms:hasPart>
  <dcterms:hasPart type="dcterms:URI">http://edison.rutgers.edu/images/fs/fs0088.jpg</dcterms:hasPart>
</metadata>
