<?xml version="1.0" encoding="UTF-8"?>

<metadata
  xmlns:xsi="http://www.w3.org/2001/XMLSchema-instance"
  xmlns:dc="http://purl.org/dc/elements/1.1/"
  xmlns:dcterms="http://purl.org/dc/terms/">
  
  <dcterms:title>
	Letter from Edison, Thomas Alva to Christian Endeavor World and Wells, Amos Russel, January 25, 1910
  </dcterms:title>
  <dcterms:date>
	1910-01-25
  </dcterms:date>
  <dcterms:creator>
  	Edison, Thomas Alva
  </dcterms:creator>
  <dcterms:contributor>
	Christian Endeavor World; Wells, Amos Russel
  </dcterms:contributor>
  <dcterms:subject>
	Religion and spirituality; TAE opinions and prejudices
  </dcterms:subject>   
  <dcterms:publisher>
	The Thomas Edison Papers, part of The School of Arts and Sciences at Rutgers, The State University of New Jersey
  </dcterms:publisher>
  <dcterms:source>
	Courtesy of Thomas Edison National Historical Park.
  </dcterms:source>
  <dcterms:identifier>
	CA061059B
  </dcterms:identifier>
	<dcterms:identifier>
		TAEM 220:48
	</dcterms:identifier>
  <dcterms:isPartOf>
	[CA061] Primary Printed Series -- Serial Publications <I>Tips</I> (1908-1911)
  </dcterms:isPartOf> 
  <dcterms:isPartOf type="dcterms:URI">
	http://edison.rutgers.edu/NamesSearch/glocpage.php?gloc=CA061
  </dcterms:isPartOf>none available
</metadata>
