<?xml version="1.0" encoding="UTF-8"?>

<metadata
  xmlns:xsi="http://www.w3.org/2001/XMLSchema-instance"
  xmlns:dc="http://purl.org/dc/elements/1.1/"
  xmlns:dcterms="http://purl.org/dc/terms/">
  
  <dcterms:title>
	Letter from Coster, Charles Henry to Tate, Alfred Ord, April 23, 1887
  </dcterms:title>
  <dcterms:date>
	1887-04-23
  </dcterms:date>
  <dcterms:creator>
  	Coster, Charles Henry
  </dcterms:creator>
  <dcterms:contributor>
	Tate, Alfred Ord
  </dcterms:contributor>
  <dcterms:subject>
	Batchelor, Charles; Farmers Loan and Trust Co; Electric light and power; Management (companies and organizations); Stocks, bonds, and investments
  </dcterms:subject>   
  <dcterms:publisher>
	The Thomas Edison Papers, part of The School of Arts and Sciences at Rutgers, The State University of New Jersey
  </dcterms:publisher>
  <dcterms:source>
	Courtesy of Thomas Edison National Historical Park.
  </dcterms:source>
  <dcterms:identifier>
	CE87040
  </dcterms:identifier>
	<dcterms:identifier>
		TAEM 158:414
	</dcterms:identifier>
  <dcterms:isPartOf>
	[CE87] Company Records Series -- Edison Electric Light Company of Europe, Ltd. Company Records (1887)
  </dcterms:isPartOf> 
  <dcterms:isPartOf type="dcterms:URI">
	http://edison.rutgers.edu/NamesSearch/glocpage.php?gloc=CE87
  </dcterms:isPartOf>
  <dcterms:hasPart type="dcterms:URI">http://edison.rutgers.edu/images/gb/gb0403.jpg</dcterms:hasPart>
  <dcterms:hasPart type="dcterms:URI">http://edison.rutgers.edu/images/gb/gb0404.jpg</dcterms:hasPart>
</metadata>
