<?xml version="1.0" encoding="UTF-8"?>

<metadata
  xmlns:xsi="http://www.w3.org/2001/XMLSchema-instance"
  xmlns:dc="http://purl.org/dc/elements/1.1/"
  xmlns:dcterms="http://purl.org/dc/terms/">
  
  <dcterms:title>
	Letter from Thomson-Houston Electric Co to Edison Electric Light Co, September 29, 1887
  </dcterms:title>
  <dcterms:date>
	1887-09-29
  </dcterms:date>
  <dcterms:creator>
  	Thomson-Houston Electric Co
  </dcterms:creator>
  <dcterms:contributor>
	Edison Electric Light Co
  </dcterms:contributor>
  <dcterms:subject>
	Sawyer-Man Electric Co; Electric light and power; Manufacturing; Patent infringement
  </dcterms:subject>   
  <dcterms:publisher>
	The Thomas Edison Papers, part of The School of Arts and Sciences at Rutgers, The State University of New Jersey
  </dcterms:publisher>
  <dcterms:source>
	Courtesy of Thomas Edison National Historical Park.
  </dcterms:source>
  <dcterms:identifier>
	CA019A2
  </dcterms:identifier>
	<dcterms:identifier>
		TAEM 147:13
	</dcterms:identifier>
  <dcterms:isPartOf>
	[CA019] Primary Printed Series -- Electric Light Companies - Domestic Edison Electric Light Co (1887-1889)
  </dcterms:isPartOf> 
  <dcterms:isPartOf type="dcterms:URI">
	http://edison.rutgers.edu/NamesSearch/glocpage.php?gloc=CA019
  </dcterms:isPartOf>
  <dcterms:hasPart type="dcterms:URI">http://edison.rutgers.edu/images/fq/fq0004.jpg</dcterms:hasPart>
</metadata>
