<?xml version="1.0" encoding="UTF-8"?>

<metadata
  xmlns:xsi="http://www.w3.org/2001/XMLSchema-instance"
  xmlns:dc="http://purl.org/dc/elements/1.1/"
  xmlns:dcterms="http://purl.org/dc/terms/">
  
  <dcterms:title>
	Letter from Vail, John H to Vail, Edison Beekman, March 14, 1915
  </dcterms:title>
  <dcterms:date>
	1915-03-14
  </dcterms:date>
  <dcterms:creator>
  	Vail, John H
  </dcterms:creator>
  <dcterms:contributor>
	Vail, Edison Beekman
  </dcterms:contributor>
  <dcterms:subject>
	Isolated stations; Newspapers, books, other publications
  </dcterms:subject>   
  <dcterms:publisher>
	The Thomas Edison Papers, part of The School of Arts and Sciences at Rutgers, The State University of New Jersey
  </dcterms:publisher>
  <dcterms:source>
	Courtesy of Thomas Edison National Historical Park.
  </dcterms:source>
  <dcterms:identifier>
	CA041001
  </dcterms:identifier>
	<dcterms:identifier>
		TAEM 147:666
	</dcterms:identifier>
  <dcterms:isPartOf>
	[CA041] Primary Printed Series -- Bound Pamphlets "Instructions for Operating the Edison System of Central Station Lighting" (1886-1888)
  </dcterms:isPartOf> 
  <dcterms:isPartOf type="dcterms:URI">
	http://edison.rutgers.edu/NamesSearch/glocpage.php?gloc=CA041
  </dcterms:isPartOf>
  <dcterms:hasPart type="dcterms:URI">http://edison.rutgers.edu/images/fq/fq0656.jpg</dcterms:hasPart>
</metadata>
