<?xml version="1.0" encoding="UTF-8"?>

<metadata
  xmlns:xsi="http://www.w3.org/2001/XMLSchema-instance"
  xmlns:dc="http://purl.org/dc/elements/1.1/"
  xmlns:dcterms="http://purl.org/dc/terms/">
  
  <dcterms:title>
	Letter from Edison, Thomas Alva to Moore, Sherwood Troop (Sam), October 25, 1920
  </dcterms:title>
  <dcterms:date>
	1920-10-25
  </dcterms:date>
  <dcterms:creator>
  	Edison, Thomas Alva
  </dcterms:creator>
  <dcterms:contributor>
	Moore, Sherwood Troop (Sam)
  </dcterms:contributor>
  <dcterms:subject>
	Testing and quality control
  </dcterms:subject>   
  <dcterms:publisher>
	The Thomas Edison Papers, part of The School of Arts and Sciences at Rutgers, The State University of New Jersey
  </dcterms:publisher>
  <dcterms:source>
	Courtesy of the Gallery of History, Inc.
  </dcterms:source>
  <dcterms:identifier>
	B056aE
  </dcterms:identifier>
  <dcterms:isPartOf>
	[B056] Gallery of History, Las Vegas, Nev. 
  </dcterms:isPartOf> 
  <dcterms:isPartOf type="dcterms:URI">
	http://edison.rutgers.edu/NamesSearch/glocpage.php?gloc=B056
  </dcterms:isPartOf>
  <dcterms:hasPart type="dcterms:URI">http://edison.rutgers.edu/images/xy/xy1627.jpg</dcterms:hasPart>
</metadata>
