<?xml version="1.0" encoding="UTF-8"?>

<metadata
  xmlns:xsi="http://www.w3.org/2001/XMLSchema-instance"
  xmlns:dc="http://purl.org/dc/elements/1.1/"
  xmlns:dcterms="http://purl.org/dc/terms/">
  
  <dcterms:title>
	Letter from Eaton and Lewis to Compagnie Continentale Edison, November 13, 1894
  </dcterms:title>
  <dcterms:date>
	1894-11-13
  </dcterms:date>
  <dcterms:creator>
  	Eaton and Lewis
  </dcterms:creator>
  <dcterms:contributor>
	Compagnie Continentale Edison
  </dcterms:contributor>
  <dcterms:subject>
	General Electric Co; Financial operations (companies and organizations); International business operations; Patents
  </dcterms:subject>   
  <dcterms:publisher>
	The Thomas Edison Papers, part of The School of Arts and Sciences at Rutgers, The State University of New Jersey
  </dcterms:publisher>
  <dcterms:source>
	Courtesy of Thomas Edison National Historical Park.
  </dcterms:source>
  <dcterms:identifier>
	CE94113
  </dcterms:identifier>
	<dcterms:identifier>
		TAEM 158:524
	</dcterms:identifier>
  <dcterms:isPartOf>
	[CE94] Company Records Series -- Edison Electric Light Company of Europe, Ltd. Company Records (1894)
  </dcterms:isPartOf> 
  <dcterms:isPartOf type="dcterms:URI">
	http://edison.rutgers.edu/NamesSearch/glocpage.php?gloc=CE94
  </dcterms:isPartOf>
  <dcterms:hasPart type="dcterms:URI">http://edison.rutgers.edu/images/gb/gb0506.jpg</dcterms:hasPart>
</metadata>
