<?xml version="1.0" encoding="UTF-8"?>

<metadata
  xmlns:xsi="http://www.w3.org/2001/XMLSchema-instance"
  xmlns:dc="http://purl.org/dc/elements/1.1/"
  xmlns:dcterms="http://purl.org/dc/terms/">
  
  <dcterms:title>
	Letter from Insull, Samuel to Tate, Alfred Ord, May 26, 1892
  </dcterms:title>
  <dcterms:date>
	1892-05-26
  </dcterms:date>
  <dcterms:creator>
  	Insull, Samuel
  </dcterms:creator>
  <dcterms:contributor>
	Tate, Alfred Ord
  </dcterms:contributor>
  <dcterms:subject>
	Management (companies and organizations)
  </dcterms:subject>   
  <dcterms:publisher>
	The Thomas Edison Papers, part of The School of Arts and Sciences at Rutgers, The State University of New Jersey
  </dcterms:publisher>
  <dcterms:source>
	Courtesy of Thomas Edison National Historical Park.
  </dcterms:source>
  <dcterms:identifier>
	CE92097
  </dcterms:identifier>
	<dcterms:identifier>
		TAEM 158:504
	</dcterms:identifier>
  <dcterms:isPartOf>
	[CE92] Company Records Series -- Edison Electric Light Company of Europe, Ltd. Company Records (1892)
  </dcterms:isPartOf> 
  <dcterms:isPartOf type="dcterms:URI">
	http://edison.rutgers.edu/NamesSearch/glocpage.php?gloc=CE92
  </dcterms:isPartOf>
  <dcterms:hasPart type="dcterms:URI">http://edison.rutgers.edu/images/gb/gb0488.jpg</dcterms:hasPart>
</metadata>
