<?xml version="1.0" encoding="UTF-8"?>

<metadata
  xmlns:xsi="http://www.w3.org/2001/XMLSchema-instance"
  xmlns:dc="http://purl.org/dc/elements/1.1/"
  xmlns:dcterms="http://purl.org/dc/terms/">
  
  <dcterms:title>
	Letter from Miller, Mary Valinda (Mrs Lewis) to Edison, Mina Miller (Mrs Thomas A.), March 06, 1884
  </dcterms:title>
  <dcterms:date>
	1884-03-06
  </dcterms:date>
  <dcterms:creator>
  	Miller, Mary Valinda (Mrs Lewis)
  </dcterms:creator>
  <dcterms:contributor>
	Edison, Mina Miller (Mrs Thomas A.)
  </dcterms:contributor>
  <dcterms:subject>
	Alexander, Lucy Ann, (Mrs John E. Hunter); Goodrich, Mary Elizabeth Marvin (Mrs B.F.); Marvin, Richard Pratt; Miller, Jane Eliza; Miller, Lewis Alexander; Miller, Margaret; Miller, Mary Emily; Miller, Theodore Westwood; Musser, James Coburn; Vincent, John Heyl; Edison-Miller family
  </dcterms:subject>   
  <dcterms:publisher>
	The Thomas Edison Papers, part of The School of Arts and Sciences at Rutgers, The State University of New Jersey
  </dcterms:publisher>
  <dcterms:source>
	Courtesy of the Charles Edison Fund.
  </dcterms:source>
  <dcterms:identifier>
	5188X018D1
  </dcterms:identifier>
  <dcterms:isPartOf>
	[X018D1] Charles Edison Fund Collection, Newark, N.J. Miller Family Papers -- Miller, Mary Valinda
  </dcterms:isPartOf> 
  <dcterms:isPartOf type="dcterms:URI">
	http://edison.rutgers.edu/NamesSearch/glocpage.php?gloc=X018D1
  </dcterms:isPartOf>
  <dcterms:hasPart type="dcterms:URI">http://edison.rutgers.edu/images/xz/xz5005.jpg</dcterms:hasPart>
  <dcterms:hasPart type="dcterms:URI">http://edison.rutgers.edu/images/xz/xz5006.jpg</dcterms:hasPart>
</metadata>
