<?xml version="1.0" encoding="UTF-8"?>

<metadata
  xmlns:xsi="http://www.w3.org/2001/XMLSchema-instance"
  xmlns:dc="http://purl.org/dc/elements/1.1/"
  xmlns:dcterms="http://purl.org/dc/terms/">
  
  <dcterms:title>
	Letter from Edison, Thomas Alva to Clarke, Charles Lorenzo, April 27, 1883
  </dcterms:title>
  <dcterms:date>
	1883-04-27
  </dcterms:date>
  <dcterms:creator>
  	Edison, Thomas Alva
  </dcterms:creator>
  <dcterms:contributor>
	Clarke, Charles Lorenzo
  </dcterms:contributor>
  <dcterms:subject>
	Dynamos and generators
  </dcterms:subject>   
  <dcterms:publisher>
	The Thomas Edison Papers, part of The School of Arts and Sciences at Rutgers, The State University of New Jersey
  </dcterms:publisher>
  <dcterms:source>
	
  </dcterms:source>
  <dcterms:identifier>
	B017AG
  </dcterms:identifier>
  <dcterms:isPartOf>
	[B017] Ernest Hodgdon Collection, Derry, N. H. 
  </dcterms:isPartOf> 
  <dcterms:isPartOf type="dcterms:URI">
	http://edison.rutgers.edu/NamesSearch/glocpage.php?gloc=B017
  </dcterms:isPartOf>
  <dcterms:hasPart type="dcterms:URI">http://edison.rutgers.edu/images/xx/xx0400.jpg</dcterms:hasPart>
</metadata>
