<?xml version="1.0" encoding="UTF-8"?>

<metadata
  xmlns:xsi="http://www.w3.org/2001/XMLSchema-instance"
  xmlns:dc="http://purl.org/dc/elements/1.1/"
  xmlns:dcterms="http://purl.org/dc/terms/">
  
  <dcterms:title>
	Letter from Tate, Alfred Ord to Coster, Charles Henry, June 09, 1887
  </dcterms:title>
  <dcterms:date>
	1887-06-09
  </dcterms:date>
  <dcterms:creator>
  	Tate, Alfred Ord
  </dcterms:creator>
  <dcterms:contributor>
	Coster, Charles Henry
  </dcterms:contributor>
  <dcterms:subject>
	Edison Lamp Co; Foote, Frederick W; Electric light and power; Financial operations (companies and organizations); Loans
  </dcterms:subject>   
  <dcterms:publisher>
	The Thomas Edison Papers, part of The School of Arts and Sciences at Rutgers, The State University of New Jersey
  </dcterms:publisher>
  <dcterms:source>
	Courtesy of Thomas Edison National Historical Park.
  </dcterms:source>
  <dcterms:identifier>
	CE87045
  </dcterms:identifier>
	<dcterms:identifier>
		TAEM 158:423
	</dcterms:identifier>
  <dcterms:isPartOf>
	[CE87] Company Records Series -- Edison Electric Light Company of Europe, Ltd. Company Records (1887)
  </dcterms:isPartOf> 
  <dcterms:isPartOf type="dcterms:URI">
	http://edison.rutgers.edu/NamesSearch/glocpage.php?gloc=CE87
  </dcterms:isPartOf>
  <dcterms:hasPart type="dcterms:URI">http://edison.rutgers.edu/images/gb/gb0412.jpg</dcterms:hasPart>
  <dcterms:hasPart type="dcterms:URI">http://edison.rutgers.edu/images/gb/gb0413.jpg</dcterms:hasPart>
</metadata>
