<?xml version="1.0" encoding="UTF-8"?>

<metadata
  xmlns:xsi="http://www.w3.org/2001/XMLSchema-instance"
  xmlns:dc="http://purl.org/dc/elements/1.1/"
  xmlns:dcterms="http://purl.org/dc/terms/">
  
  <dcterms:title>
	Letter from Bullock, Calvin to Edison, Thomas Alva, November 01, 1929
  </dcterms:title>
  <dcterms:date>
	1929-11-01
  </dcterms:date>
  <dcterms:creator>
  	Bullock, Calvin
  </dcterms:creator>
  <dcterms:contributor>
	Edison, Thomas Alva
  </dcterms:contributor>
  <dcterms:subject>
	Chandler, Albert B; Western Union; Finances (TAE and family)
  </dcterms:subject>   
  <dcterms:publisher>
	The Thomas Edison Papers, part of The School of Arts and Sciences at Rutgers, The State University of New Jersey
  </dcterms:publisher>
  <dcterms:source>
	Courtesy of the Gallery of History, Inc.
  </dcterms:source>
  <dcterms:identifier>
	B056aZ
  </dcterms:identifier>
  <dcterms:isPartOf>
	[B056] Gallery of History, Las Vegas, Nev. 
  </dcterms:isPartOf> 
  <dcterms:isPartOf type="dcterms:URI">
	http://edison.rutgers.edu/NamesSearch/glocpage.php?gloc=B056
  </dcterms:isPartOf>
  <dcterms:hasPart type="dcterms:URI">http://edison.rutgers.edu/images/xy/xy1651.jpg</dcterms:hasPart>
  <dcterms:hasPart type="dcterms:URI">http://edison.rutgers.edu/images/xy/xy1652.jpg</dcterms:hasPart>
</metadata>
