<?xml version="1.0" encoding="UTF-8"?>

<metadata
  xmlns:xsi="http://www.w3.org/2001/XMLSchema-instance"
  xmlns:dc="http://purl.org/dc/elements/1.1/"
  xmlns:dcterms="http://purl.org/dc/terms/">
  
  <dcterms:title>
	Letter from Edison, Mina Miller (Mrs Thomas A.) to Edison, Madeleine, March 02, 1928
  </dcterms:title>
  <dcterms:date>
	1928-03-02
  </dcterms:date>
  <dcterms:creator>
  	Edison, Mina Miller (Mrs Thomas A.)
  </dcterms:creator>
  <dcterms:contributor>
	Edison, Madeleine
  </dcterms:contributor>
  <dcterms:subject>
	Bacheller, Irving; Edison, Thomas Alva; Firestone, Harvey Samuel; Ford, Henry; Meadowcroft, William Henry; Miller, Margaret; Nehrling, Henry; Newman, Jane E (Mrs Jared T.); Newman, Jared Treman; Edison-Miller family; TAE friends and associates; TAE health
  </dcterms:subject>   
  <dcterms:publisher>
	The Thomas Edison Papers, part of The School of Arts and Sciences at Rutgers, The State University of New Jersey
  </dcterms:publisher>
  <dcterms:source>
	Courtesy of Swann Galleries
  </dcterms:source>
  <dcterms:identifier>
	B037ACJ
  </dcterms:identifier>
  <dcterms:isPartOf>
	[B037A] Swann Galleries, Inc., New York, N.Y. Family Correspondence and Related Documents
  </dcterms:isPartOf> 
  <dcterms:isPartOf type="dcterms:URI">
	http://edison.rutgers.edu/NamesSearch/glocpage.php?gloc=B037A
  </dcterms:isPartOf>
  <dcterms:hasPart type="dcterms:URI">http://edison.rutgers.edu/images/xx/xx0540.jpg</dcterms:hasPart>
  <dcterms:hasPart type="dcterms:URI">http://edison.rutgers.edu/images/xx/xx0541.jpg</dcterms:hasPart>
  <dcterms:hasPart type="dcterms:URI">http://edison.rutgers.edu/images/xx/xx0542.jpg</dcterms:hasPart>
  <dcterms:hasPart type="dcterms:URI">http://edison.rutgers.edu/images/xx/xx0543.jpg</dcterms:hasPart>
</metadata>
