<?xml version="1.0" encoding="UTF-8"?>

<metadata
  xmlns:xsi="http://www.w3.org/2001/XMLSchema-instance"
  xmlns:dc="http://purl.org/dc/elements/1.1/"
  xmlns:dcterms="http://purl.org/dc/terms/">
  
  <dcterms:title>
	Letter from Edison, Mina Miller (Mrs Thomas A.) to Edison, Madeleine, February 08, 1918
  </dcterms:title>
  <dcterms:date>
	1918-02-08
  </dcterms:date>
  <dcterms:creator>
  	Edison, Mina Miller (Mrs Thomas A.)
  </dcterms:creator>
  <dcterms:contributor>
	Edison, Madeleine
  </dcterms:contributor>
  <dcterms:subject>
	Edison, Theodore Miller; Edison, Thomas Alva; Firestone, Harvey Samuel; Pupin, Michael Idvorsky; Seminole Lodge and Fort Myers; Aviation; Edison-Miller family; TAE personality and character; Travel (TAE and family)
  </dcterms:subject>   
  <dcterms:publisher>
	The Thomas Edison Papers, part of The School of Arts and Sciences at Rutgers, The State University of New Jersey
  </dcterms:publisher>
  <dcterms:source>
	Courtesy of Swann Galleries
  </dcterms:source>
  <dcterms:identifier>
	B037ACE
  </dcterms:identifier>
  <dcterms:isPartOf>
	[B037A] Swann Galleries, Inc., New York, N.Y. Family Correspondence and Related Documents
  </dcterms:isPartOf> 
  <dcterms:isPartOf type="dcterms:URI">
	http://edison.rutgers.edu/NamesSearch/glocpage.php?gloc=B037A
  </dcterms:isPartOf>
  <dcterms:hasPart type="dcterms:URI">http://edison.rutgers.edu/images/xx/xx0530.jpg</dcterms:hasPart>
  <dcterms:hasPart type="dcterms:URI">http://edison.rutgers.edu/images/xx/xx0531.jpg</dcterms:hasPart>
</metadata>
