<?xml version="1.0" encoding="UTF-8"?>

<metadata
  xmlns:xsi="http://www.w3.org/2001/XMLSchema-instance"
  xmlns:dc="http://purl.org/dc/elements/1.1/"
  xmlns:dcterms="http://purl.org/dc/terms/">
  
  <dcterms:title>
	Letter from Upton, Francis Robbins to Tate, Alfred Ord, November 08, 1888
  </dcterms:title>
  <dcterms:date>
	1888-11-08
  </dcterms:date>
  <dcterms:creator>
  	Upton, Francis Robbins
  </dcterms:creator>
  <dcterms:contributor>
	Tate, Alfred Ord
  </dcterms:contributor>
  <dcterms:subject>
	Compagnie Continentale Edison; Deutsche Edison Gesellschaft; International business operations; Patents
  </dcterms:subject>   
  <dcterms:publisher>
	The Thomas Edison Papers, part of The School of Arts and Sciences at Rutgers, The State University of New Jersey
  </dcterms:publisher>
  <dcterms:source>
	Courtesy of Thomas Edison National Historical Park.
  </dcterms:source>
  <dcterms:identifier>
	CE88056
  </dcterms:identifier>
	<dcterms:identifier>
		TAEM 158:439
	</dcterms:identifier>
  <dcterms:isPartOf>
	[CE88] Company Records Series -- Edison Electric Light Company of Europe, Ltd. Company Records (1888)
  </dcterms:isPartOf> 
  <dcterms:isPartOf type="dcterms:URI">
	http://edison.rutgers.edu/NamesSearch/glocpage.php?gloc=CE88
  </dcterms:isPartOf>
  <dcterms:hasPart type="dcterms:URI">http://edison.rutgers.edu/images/gb/gb0427.jpg</dcterms:hasPart>
</metadata>
