<?xml version="1.0" encoding="UTF-8"?>

<metadata
  xmlns:xsi="http://www.w3.org/2001/XMLSchema-instance"
  xmlns:dc="http://purl.org/dc/elements/1.1/"
  xmlns:dcterms="http://purl.org/dc/terms/">
  
  <dcterms:title>
	Letter from Eaton, Sherburne Blake to Edison Electric Light Co of Europe Ltd, August 15, 1884
  </dcterms:title>
  <dcterms:date>
	1884-08-15
  </dcterms:date>
  <dcterms:creator>
  	Eaton, Sherburne Blake
  </dcterms:creator>
  <dcterms:contributor>
	Edison Electric Light Co of Europe Ltd
  </dcterms:contributor>
  <dcterms:subject>
	Compagnie Continentale Edison; Deutsche Edison Gesellschaft; Electric light and power; Management (companies and organizations); Patent assignments, licenses, and royalties
  </dcterms:subject>   
  <dcterms:publisher>
	The Thomas Edison Papers, part of The School of Arts and Sciences at Rutgers, The State University of New Jersey
  </dcterms:publisher>
  <dcterms:source>
	Courtesy of Thomas Edison National Historical Park.
  </dcterms:source>
  <dcterms:identifier>
	CE001016
  </dcterms:identifier>
	<dcterms:identifier>
		TAEM 97:216
	</dcterms:identifier>
  <dcterms:isPartOf>
	[CE001] Company Records Series -- Electric Light Companies -- Foreign Edison Electric Light Co of Europe (1884)
  </dcterms:isPartOf> 
  <dcterms:isPartOf type="dcterms:URI">
	http://edison.rutgers.edu/NamesSearch/glocpage.php?gloc=CE001
  </dcterms:isPartOf>
  <dcterms:hasPart type="dcterms:URI">http://edison.rutgers.edu/images/ds/ds0202.jpg</dcterms:hasPart>
  <dcterms:hasPart type="dcterms:URI">http://edison.rutgers.edu/images/ds/ds0203.jpg</dcterms:hasPart>
  <dcterms:hasPart type="dcterms:URI">http://edison.rutgers.edu/images/ds/ds0204.jpg</dcterms:hasPart>
  <dcterms:hasPart type="dcterms:URI">http://edison.rutgers.edu/images/ds/ds0205.jpg</dcterms:hasPart>
</metadata>
