<?xml version="1.0" encoding="UTF-8"?>

<metadata
  xmlns:xsi="http://www.w3.org/2001/XMLSchema-instance"
  xmlns:dc="http://purl.org/dc/elements/1.1/"
  xmlns:dcterms="http://purl.org/dc/terms/">
  
  <dcterms:title>
	Letter from Tate, Alfred Ord to Upton, Francis Robbins, December 10, 1888
  </dcterms:title>
  <dcterms:date>
	1888-12-10
  </dcterms:date>
  <dcterms:creator>
  	Tate, Alfred Ord
  </dcterms:creator>
  <dcterms:contributor>
	Upton, Francis Robbins
  </dcterms:contributor>
  <dcterms:subject>
	Compagnie Continentale Edison; Contracts and other legal concerns; Management (companies and organizations)
  </dcterms:subject>   
  <dcterms:publisher>
	The Thomas Edison Papers, part of The School of Arts and Sciences at Rutgers, The State University of New Jersey
  </dcterms:publisher>
  <dcterms:source>
	Courtesy of Thomas Edison National Historical Park.
  </dcterms:source>
  <dcterms:identifier>
	CE88065
  </dcterms:identifier>
	<dcterms:identifier>
		TAEM 158:451
	</dcterms:identifier>
  <dcterms:isPartOf>
	[CE88] Company Records Series -- Edison Electric Light Company of Europe, Ltd. Company Records (1888)
  </dcterms:isPartOf> 
  <dcterms:isPartOf type="dcterms:URI">
	http://edison.rutgers.edu/NamesSearch/glocpage.php?gloc=CE88
  </dcterms:isPartOf>
  <dcterms:hasPart type="dcterms:URI">http://edison.rutgers.edu/images/gb/gb0439.jpg</dcterms:hasPart>
</metadata>
