<?xml version="1.0" encoding="UTF-8"?>

<metadata
  xmlns:xsi="http://www.w3.org/2001/XMLSchema-instance"
  xmlns:dc="http://purl.org/dc/elements/1.1/"
  xmlns:dcterms="http://purl.org/dc/terms/">
  
  <dcterms:title>
	Letter from Schroeder, John William to Edison Electric Light Co and Hastings, Frank Seymour, December 02, 1887
  </dcterms:title>
  <dcterms:date>
	1887-12-02
  </dcterms:date>
  <dcterms:creator>
  	Schroeder, John William
  </dcterms:creator>
  <dcterms:contributor>
	Edison Electric Light Co; Hastings, Frank Seymour
  </dcterms:contributor>
  <dcterms:subject>
	Westinghouse Electric Co; Central stations; Incandescent lamp; Testing and quality control
  </dcterms:subject>   
  <dcterms:publisher>
	The Thomas Edison Papers, part of The School of Arts and Sciences at Rutgers, The State University of New Jersey
  </dcterms:publisher>
  <dcterms:source>
	Courtesy of Thomas Edison National Historical Park.
  </dcterms:source>
  <dcterms:identifier>
	CA019B7
  </dcterms:identifier>
	<dcterms:identifier>
		TAEM 147:56
	</dcterms:identifier>
  <dcterms:isPartOf>
	[CA019] Primary Printed Series -- Electric Light Companies - Domestic Edison Electric Light Co (1887-1889)
  </dcterms:isPartOf> 
  <dcterms:isPartOf type="dcterms:URI">
	http://edison.rutgers.edu/NamesSearch/glocpage.php?gloc=CA019
  </dcterms:isPartOf>
  <dcterms:hasPart type="dcterms:URI">http://edison.rutgers.edu/images/fq/fq0047.jpg</dcterms:hasPart>
</metadata>
