<?xml version="1.0" encoding="UTF-8"?>

<metadata
  xmlns:xsi="http://www.w3.org/2001/XMLSchema-instance"
  xmlns:dc="http://purl.org/dc/elements/1.1/"
  xmlns:dcterms="http://purl.org/dc/terms/">
  
  <dcterms:title>
	Letter from Edison, Thomas Alva to Edison Electric Light Co of Europe Ltd, July 28, 1893
  </dcterms:title>
  <dcterms:date>
	1893-07-28
  </dcterms:date>
  <dcterms:creator>
  	Edison, Thomas Alva
  </dcterms:creator>
  <dcterms:contributor>
	Edison Electric Light Co of Europe Ltd
  </dcterms:contributor>
  <dcterms:subject>
	Compagnie Continentale Edison; General Electric Co; Electrical distribution system; International business operations; Patent assignments, licenses, and royalties
  </dcterms:subject>   
  <dcterms:publisher>
	The Thomas Edison Papers, part of The School of Arts and Sciences at Rutgers, The State University of New Jersey
  </dcterms:publisher>
  <dcterms:source>
	Courtesy of Thomas Edison National Historical Park.
  </dcterms:source>
  <dcterms:identifier>
	CE93103
  </dcterms:identifier>
	<dcterms:identifier>
		TAEM 158:511
	</dcterms:identifier>
  <dcterms:isPartOf>
	[CE93] Company Records Series -- Edison Electric Light Company of Europe, Ltd. Company Records (1893)
  </dcterms:isPartOf> 
  <dcterms:isPartOf type="dcterms:URI">
	http://edison.rutgers.edu/NamesSearch/glocpage.php?gloc=CE93
  </dcterms:isPartOf>
  <dcterms:hasPart type="dcterms:URI">http://edison.rutgers.edu/images/gb/gb0494.jpg</dcterms:hasPart>
  <dcterms:hasPart type="dcterms:URI">http://edison.rutgers.edu/images/gb/gb0495.jpg</dcterms:hasPart>
  <dcterms:hasPart type="dcterms:URI">http://edison.rutgers.edu/images/gb/gb0496.jpg</dcterms:hasPart>
</metadata>
