<?xml version="1.0" encoding="UTF-8"?>

<metadata
  xmlns:xsi="http://www.w3.org/2001/XMLSchema-instance"
  xmlns:dc="http://purl.org/dc/elements/1.1/"
  xmlns:dcterms="http://purl.org/dc/terms/">
  
  <dcterms:title>
	Letter from Tate, Alfred Ord to Batchelor, Charles, October 13, 1887
  </dcterms:title>
  <dcterms:date>
	1887-10-13
  </dcterms:date>
  <dcterms:creator>
  	Tate, Alfred Ord
  </dcterms:creator>
  <dcterms:contributor>
	Batchelor, Charles
  </dcterms:contributor>
  <dcterms:subject>
	Comitato per le Applicazioni dell'Elettricita; Dyer and Seely; International business operations; Patents
  </dcterms:subject>   
  <dcterms:publisher>
	The Thomas Edison Papers, part of The School of Arts and Sciences at Rutgers, The State University of New Jersey
  </dcterms:publisher>
  <dcterms:source>
	Courtesy of Thomas Edison National Historical Park.
  </dcterms:source>
  <dcterms:identifier>
	CE87047
  </dcterms:identifier>
	<dcterms:identifier>
		TAEM 158:425
	</dcterms:identifier>
  <dcterms:isPartOf>
	[CE87] Company Records Series -- Edison Electric Light Company of Europe, Ltd. Company Records (1887)
  </dcterms:isPartOf> 
  <dcterms:isPartOf type="dcterms:URI">
	http://edison.rutgers.edu/NamesSearch/glocpage.php?gloc=CE87
  </dcterms:isPartOf>
  <dcterms:hasPart type="dcterms:URI">http://edison.rutgers.edu/images/gb/gb0414.jpg</dcterms:hasPart>
  <dcterms:hasPart type="dcterms:URI">http://edison.rutgers.edu/images/gb/gb0415.jpg</dcterms:hasPart>
  <dcterms:hasPart type="dcterms:URI">http://edison.rutgers.edu/images/gb/gb0416.jpg</dcterms:hasPart>
</metadata>
