<?xml version="1.0" encoding="UTF-8"?>

<metadata
  xmlns:xsi="http://www.w3.org/2001/XMLSchema-instance"
  xmlns:dc="http://purl.org/dc/elements/1.1/"
  xmlns:dcterms="http://purl.org/dc/terms/">
  
  <dcterms:title>
	Letter from Nichols, Marian to Edison, Mina Miller (Mrs Thomas A.), November 05, 1919
  </dcterms:title>
  <dcterms:date>
	1919-11-05
  </dcterms:date>
  <dcterms:creator>
  	Nichols, Marian
  </dcterms:creator>
  <dcterms:contributor>
	Edison, Mina Miller (Mrs Thomas A.)
  </dcterms:contributor>
  <dcterms:subject>
	Edison, Thomas Alva; Glenmont; Miller, Mary Emily; Red Cross; Edison-Miller family; Health and medicine; Politics and government; Reforms; TAE health
  </dcterms:subject>   
  <dcterms:publisher>
	The Thomas Edison Papers, part of The School of Arts and Sciences at Rutgers, The State University of New Jersey
  </dcterms:publisher>
  <dcterms:source>
	Courtesy of the Charles Edison Fund.
  </dcterms:source>
  <dcterms:identifier>
	1043X018E5
  </dcterms:identifier>
  <dcterms:isPartOf>
	[X018E5] Charles Edison Fund Collection, Newark, N.J. Other Correspondents -- Nichols, Marian
  </dcterms:isPartOf> 
  <dcterms:isPartOf type="dcterms:URI">
	http://edison.rutgers.edu/NamesSearch/glocpage.php?gloc=X018E5
  </dcterms:isPartOf>
  <dcterms:hasPart type="dcterms:URI">http://edison.rutgers.edu/images/xw/xw3202.jpg</dcterms:hasPart>
  <dcterms:hasPart type="dcterms:URI">http://edison.rutgers.edu/images/xw/xw3203.jpg</dcterms:hasPart>
</metadata>
