<?xml version="1.0" encoding="UTF-8"?>

<metadata
  xmlns:xsi="http://www.w3.org/2001/XMLSchema-instance"
  xmlns:dc="http://purl.org/dc/elements/1.1/"
  xmlns:dcterms="http://purl.org/dc/terms/">
  
  <dcterms:title>
	Letter from Edison Electric Illuminating Co (Fall River) and Borden, Spencer to Edison Company for Isolated Lighting and Johnson, Edward Hibberd, November 17, 1885
  </dcterms:title>
  <dcterms:date>
	1885-11-17
  </dcterms:date>
  <dcterms:creator>
  	Edison Electric Illuminating Co (Fall River); Borden, Spencer
  </dcterms:creator>
  <dcterms:contributor>
	Edison Company for Isolated Lighting; Johnson, Edward Hibberd
  </dcterms:contributor>
  <dcterms:subject>
	Competition and market structure; Electric light and power; Gas, petroleum, and derivative products
  </dcterms:subject>   
  <dcterms:publisher>
	The Thomas Edison Papers, part of The School of Arts and Sciences at Rutgers, The State University of New Jersey
  </dcterms:publisher>
  <dcterms:source>
	Courtesy of Thomas Edison National Historical Park.
  </dcterms:source>
  <dcterms:identifier>
	CC011017
  </dcterms:identifier>
	<dcterms:identifier>
		TAEM 97:88
	</dcterms:identifier>
  <dcterms:isPartOf>
	[CC011] Company Records Series -- Electric Light Companies -- Domestic -- Edison Company for Isolated Lighting Bulletin #11
  </dcterms:isPartOf> 
  <dcterms:isPartOf type="dcterms:URI">
	http://edison.rutgers.edu/NamesSearch/glocpage.php?gloc=CC011
  </dcterms:isPartOf>
  <dcterms:hasPart type="dcterms:URI">http://edison.rutgers.edu/images/ds/ds0086.jpg</dcterms:hasPart>
  <dcterms:hasPart type="dcterms:URI">http://edison.rutgers.edu/images/ds/ds0087.jpg</dcterms:hasPart>
  <dcterms:hasPart type="dcterms:URI">http://edison.rutgers.edu/images/ds/ds0088.jpg</dcterms:hasPart>
</metadata>
