<?xml version="1.0" encoding="UTF-8"?>

<metadata
  xmlns:xsi="http://www.w3.org/2001/XMLSchema-instance"
  xmlns:dc="http://purl.org/dc/elements/1.1/"
  xmlns:dcterms="http://purl.org/dc/terms/">
  
  <dcterms:title>
	Letter from Dyer and Seely and Steuart, James L to Tate, Alfred Ord, January 20, 1893
  </dcterms:title>
  <dcterms:date>
	1893-01-20
  </dcterms:date>
  <dcterms:creator>
  	Dyer and Seely; Steuart, James L
  </dcterms:creator>
  <dcterms:contributor>
	Tate, Alfred Ord
  </dcterms:contributor>
  <dcterms:subject>
	Edison Electric Light Co of Europe Ltd; Financial operations (companies and organizations); Management (companies and organizations); Stocks, bonds, and investments
  </dcterms:subject>   
  <dcterms:publisher>
	The Thomas Edison Papers, part of The School of Arts and Sciences at Rutgers, The State University of New Jersey
  </dcterms:publisher>
  <dcterms:source>
	Courtesy of Thomas Edison National Historical Park.
  </dcterms:source>
  <dcterms:identifier>
	CE93100
  </dcterms:identifier>
	<dcterms:identifier>
		TAEM 158:508
	</dcterms:identifier>
  <dcterms:isPartOf>
	[CE93] Company Records Series -- Edison Electric Light Company of Europe, Ltd. Company Records (1893)
  </dcterms:isPartOf> 
  <dcterms:isPartOf type="dcterms:URI">
	http://edison.rutgers.edu/NamesSearch/glocpage.php?gloc=CE93
  </dcterms:isPartOf>
  <dcterms:hasPart type="dcterms:URI">http://edison.rutgers.edu/images/gb/gb0491.jpg</dcterms:hasPart>
  <dcterms:hasPart type="dcterms:URI">http://edison.rutgers.edu/images/gb/gb0492.jpg</dcterms:hasPart>
</metadata>
