<?xml version="1.0" encoding="UTF-8"?>

<metadata
  xmlns:xsi="http://www.w3.org/2001/XMLSchema-instance"
  xmlns:dc="http://purl.org/dc/elements/1.1/"
  xmlns:dcterms="http://purl.org/dc/terms/">
  
  <dcterms:title>
	Letter from Sawyer, William Edward to New York Tribune, March 25, 1880
  </dcterms:title>
  <dcterms:date>
	1880-03-25
  </dcterms:date>
  <dcterms:creator>
  	Sawyer, William Edward
  </dcterms:creator>
  <dcterms:contributor>
	New York Tribune
  </dcterms:contributor>
  <dcterms:subject>
	Barker, George Frederick; Edison, Thomas Alva; Carbon, coal, glass, ceramics; Dynamos and generators; Incandescent lamp
  </dcterms:subject>   
  <dcterms:publisher>
	The Thomas Edison Papers, part of The School of Arts and Sciences at Rutgers, The State University of New Jersey
  </dcterms:publisher>
  <dcterms:source>
	Courtesy of Thomas Edison National Historical Park.
  </dcterms:source>
  <dcterms:identifier>
	CC014023
  </dcterms:identifier>
	<dcterms:identifier>
		TAEM 97:123
	</dcterms:identifier>
  <dcterms:isPartOf>
	[CC014] Company Records Series -- Electric Light Companies -- Domestic -- Edison Company for Isolated Lighting Bulletin #14
  </dcterms:isPartOf> 
  <dcterms:isPartOf type="dcterms:URI">
	http://edison.rutgers.edu/NamesSearch/glocpage.php?gloc=CC014
  </dcterms:isPartOf>
  <dcterms:hasPart type="dcterms:URI">http://edison.rutgers.edu/images/ds/ds0121.jpg</dcterms:hasPart>
  <dcterms:hasPart type="dcterms:URI">http://edison.rutgers.edu/images/ds/ds0122.jpg</dcterms:hasPart>
  <dcterms:hasPart type="dcterms:URI">http://edison.rutgers.edu/images/ds/ds0123.jpg</dcterms:hasPart>
</metadata>
