<?xml version="1.0" encoding="UTF-8"?>

<metadata
  xmlns:xsi="http://www.w3.org/2001/XMLSchema-instance"
  xmlns:dc="http://purl.org/dc/elements/1.1/"
  xmlns:dcterms="http://purl.org/dc/terms/">
  
  <dcterms:title>
	Letter from Porges, Charles to Edison Electric Light Co of Europe Ltd, November 20, 1889
  </dcterms:title>
  <dcterms:date>
	1889-11-20
  </dcterms:date>
  <dcterms:creator>
  	Porges, Charles
  </dcterms:creator>
  <dcterms:contributor>
	Edison Electric Light Co of Europe Ltd
  </dcterms:contributor>
  <dcterms:subject>
	Comitato per le Applicazioni dell'Elettricita; Dynamos and generators; International business operations; Patents
  </dcterms:subject>   
  <dcterms:publisher>
	The Thomas Edison Papers, part of The School of Arts and Sciences at Rutgers, The State University of New Jersey
  </dcterms:publisher>
  <dcterms:source>
	Courtesy of Thomas Edison National Historical Park.
  </dcterms:source>
  <dcterms:identifier>
	CE89076
  </dcterms:identifier>
	<dcterms:identifier>
		TAEM 158:473
	</dcterms:identifier>
  <dcterms:isPartOf>
	[CE89] Company Records Series -- Edison Electric Light Company of Europe, Ltd. Company Records (1889)
  </dcterms:isPartOf> 
  <dcterms:isPartOf type="dcterms:URI">
	http://edison.rutgers.edu/NamesSearch/glocpage.php?gloc=CE89
  </dcterms:isPartOf>
  <dcterms:hasPart type="dcterms:URI">http://edison.rutgers.edu/images/gb/gb0460.jpg</dcterms:hasPart>
</metadata>
