<?xml version="1.0" encoding="UTF-8"?>

<metadata
  xmlns:xsi="http://www.w3.org/2001/XMLSchema-instance"
  xmlns:dc="http://purl.org/dc/elements/1.1/"
  xmlns:dcterms="http://purl.org/dc/terms/">
  
  <dcterms:title>
	Letter from Drexel Harjes & Co to Hastings, Frank Seymour, February 06, 1894
  </dcterms:title>
  <dcterms:date>
	1894-02-06
  </dcterms:date>
  <dcterms:creator>
  	Drexel Harjes & Co
  </dcterms:creator>
  <dcterms:contributor>
	Hastings, Frank Seymour
  </dcterms:contributor>
  <dcterms:subject>
	Compagnie Continentale Edison; Drexel Morgan & Co; Incandescent lamp; Patents; Stocks, bonds, and investments
  </dcterms:subject>   
  <dcterms:publisher>
	The Thomas Edison Papers, part of The School of Arts and Sciences at Rutgers, The State University of New Jersey
  </dcterms:publisher>
  <dcterms:source>
	Courtesy of Thomas Edison National Historical Park.
  </dcterms:source>
  <dcterms:identifier>
	CE94109
  </dcterms:identifier>
	<dcterms:identifier>
		TAEM 158:521
	</dcterms:identifier>
  <dcterms:isPartOf>
	[CE94] Company Records Series -- Edison Electric Light Company of Europe, Ltd. Company Records (1894)
  </dcterms:isPartOf> 
  <dcterms:isPartOf type="dcterms:URI">
	http://edison.rutgers.edu/NamesSearch/glocpage.php?gloc=CE94
  </dcterms:isPartOf>
  <dcterms:hasPart type="dcterms:URI">http://edison.rutgers.edu/images/gb/gb0503.jpg</dcterms:hasPart>
  <dcterms:hasPart type="dcterms:URI">http://edison.rutgers.edu/images/gb/gb0504.jpg</dcterms:hasPart>
  <dcterms:hasPart type="dcterms:URI">http://edison.rutgers.edu/images/gb/gb0505.jpg</dcterms:hasPart>
</metadata>
