<?xml version="1.0" encoding="UTF-8"?>

<metadata
  xmlns:xsi="http://www.w3.org/2001/XMLSchema-instance"
  xmlns:dc="http://purl.org/dc/elements/1.1/"
  xmlns:dcterms="http://purl.org/dc/terms/">
  
  <dcterms:title>
	Letter from Miller, Mary Valinda (Mrs Lewis) and Miller, Jane Eliza to Edison, Mina Miller (Mrs Thomas A.), April 29, 1885
  </dcterms:title>
  <dcterms:date>
	1885-04-29
  </dcterms:date>
  <dcterms:creator>
  	Miller, Mary Valinda (Mrs Lewis); Miller, Jane Eliza
  </dcterms:creator>
  <dcterms:contributor>
	Edison, Mina Miller (Mrs Thomas A.)
  </dcterms:contributor>
  <dcterms:subject>
	Miller, Alice Newton (Mrs Jacob); Miller, Ira Mandeville; Miller, Jacob; Miller, Lewis; Miller, Mary Emily; Miller, Robert Anderson; Agriculture; Edison-Miller family; Tools and machinery
  </dcterms:subject>   
  <dcterms:publisher>
	The Thomas Edison Papers, part of The School of Arts and Sciences at Rutgers, The State University of New Jersey
  </dcterms:publisher>
  <dcterms:source>
	Courtesy of the Charles Edison Fund.
  </dcterms:source>
  <dcterms:identifier>
	5185X018D1
  </dcterms:identifier>
  <dcterms:isPartOf>
	[X018D1] Charles Edison Fund Collection, Newark, N.J. Miller Family Papers -- Miller, Mary Valinda
  </dcterms:isPartOf> 
  <dcterms:isPartOf type="dcterms:URI">
	http://edison.rutgers.edu/NamesSearch/glocpage.php?gloc=X018D1
  </dcterms:isPartOf>
  <dcterms:hasPart type="dcterms:URI">http://edison.rutgers.edu/images/xz/xz5001.jpg</dcterms:hasPart>
  <dcterms:hasPart type="dcterms:URI">http://edison.rutgers.edu/images/xz/xz5002.jpg</dcterms:hasPart>
</metadata>
