<?xml version="1.0" encoding="UTF-8"?>

<metadata
  xmlns:xsi="http://www.w3.org/2001/XMLSchema-instance"
  xmlns:dc="http://purl.org/dc/elements/1.1/"
  xmlns:dcterms="http://purl.org/dc/terms/">
  
  <dcterms:title>
	Letter from Butler, Thomas to Maguire, Thomas, (Edison Employee), October 31, 1892
  </dcterms:title>
  <dcterms:date>
	1892-10-31
  </dcterms:date>
  <dcterms:creator>
  	Butler, Thomas
  </dcterms:creator>
  <dcterms:contributor>
	Maguire, Thomas, (Edison Employee)
  </dcterms:contributor>
  <dcterms:subject>
	Cutting, Robert Livingston, Jr; Randolph, John F; Management (companies and organizations); Stocks, bonds, and investments
  </dcterms:subject>   
  <dcterms:publisher>
	The Thomas Edison Papers, part of The School of Arts and Sciences at Rutgers, The State University of New Jersey
  </dcterms:publisher>
  <dcterms:source>
	Courtesy of Thomas Edison National Historical Park.
  </dcterms:source>
  <dcterms:identifier>
	CE92099
  </dcterms:identifier>
	<dcterms:identifier>
		TAEM 158:506
	</dcterms:identifier>
  <dcterms:isPartOf>
	[CE92] Company Records Series -- Edison Electric Light Company of Europe, Ltd. Company Records (1892)
  </dcterms:isPartOf> 
  <dcterms:isPartOf type="dcterms:URI">
	http://edison.rutgers.edu/NamesSearch/glocpage.php?gloc=CE92
  </dcterms:isPartOf>
  <dcterms:hasPart type="dcterms:URI">http://edison.rutgers.edu/images/gb/gb0490.jpg</dcterms:hasPart>
</metadata>
