<?xml version="1.0" encoding="UTF-8"?>

<metadata
  xmlns:xsi="http://www.w3.org/2001/XMLSchema-instance"
  xmlns:dc="http://purl.org/dc/elements/1.1/"
  xmlns:dcterms="http://purl.org/dc/terms/">
  
  <dcterms:title>
	Letter from Eaton and Lewis to Tate, Alfred Ord, September 22, 1893
  </dcterms:title>
  <dcterms:date>
	1893-09-22
  </dcterms:date>
  <dcterms:creator>
  	Eaton and Lewis
  </dcterms:creator>
  <dcterms:contributor>
	Tate, Alfred Ord
  </dcterms:contributor>
  <dcterms:subject>
	Compagnie Continentale Edison; Edison, Thomas Alva; Electrical distribution system; International business operations; Patent assignments, licenses, and royalties
  </dcterms:subject>   
  <dcterms:publisher>
	The Thomas Edison Papers, part of The School of Arts and Sciences at Rutgers, The State University of New Jersey
  </dcterms:publisher>
  <dcterms:source>
	Courtesy of Thomas Edison National Historical Park.
  </dcterms:source>
  <dcterms:identifier>
	CE93107
  </dcterms:identifier>
	<dcterms:identifier>
		TAEM 158:518
	</dcterms:identifier>
  <dcterms:isPartOf>
	[CE93] Company Records Series -- Edison Electric Light Company of Europe, Ltd. Company Records (1893)
  </dcterms:isPartOf> 
  <dcterms:isPartOf type="dcterms:URI">
	http://edison.rutgers.edu/NamesSearch/glocpage.php?gloc=CE93
  </dcterms:isPartOf>
  <dcterms:hasPart type="dcterms:URI">http://edison.rutgers.edu/images/gb/gb0501.jpg</dcterms:hasPart>
</metadata>
