<?xml version="1.0" encoding="UTF-8"?>

<metadata
  xmlns:xsi="http://www.w3.org/2001/XMLSchema-instance"
  xmlns:dc="http://purl.org/dc/elements/1.1/"
  xmlns:dcterms="http://purl.org/dc/terms/">
  
  <dcterms:title>
	Letter from Straker, Tooke to Livor, Henry M, November 12, 1889
  </dcterms:title>
  <dcterms:date>
	1889-11-12
  </dcterms:date>
  <dcterms:creator>
  	Straker, Tooke
  </dcterms:creator>
  <dcterms:contributor>
	Livor, Henry M
  </dcterms:contributor>
  <dcterms:subject>
	Wharton, Joseph; Ore concentrate; Ore milling and separation
  </dcterms:subject>   
  <dcterms:publisher>
	The Thomas Edison Papers, part of The School of Arts and Sciences at Rutgers, The State University of New Jersey
  </dcterms:publisher>
  <dcterms:source>
	Courtesy of Thomas Edison National Historical Park.
  </dcterms:source>
  <dcterms:identifier>
	CJ001ABB
  </dcterms:identifier>
	<dcterms:identifier>
		TAEM 149:40
	</dcterms:identifier>
  <dcterms:isPartOf>
	[CJ001] Company Records Series -- New Jersey and Pennsylvania Concentrating Works -- Administrative and Financial Records Correspondence (1889)
  </dcterms:isPartOf> 
  <dcterms:isPartOf type="dcterms:URI">
	http://edison.rutgers.edu/NamesSearch/glocpage.php?gloc=CJ001
  </dcterms:isPartOf>
  <dcterms:hasPart type="dcterms:URI">http://edison.rutgers.edu/images/fs/fs0030.jpg</dcterms:hasPart>
</metadata>
