<?xml version="1.0" encoding="UTF-8"?>

<metadata
  xmlns:xsi="http://www.w3.org/2001/XMLSchema-instance"
  xmlns:dc="http://purl.org/dc/elements/1.1/"
  xmlns:dcterms="http://purl.org/dc/terms/">
  
  <dcterms:title>
	Letter from Miller, Mary Emily to Edison, Mina Miller (Mrs Thomas A.), March 27, 1919
  </dcterms:title>
  <dcterms:date>
	1919-03-27
  </dcterms:date>
  <dcterms:creator>
  	Miller, Mary Emily
  </dcterms:creator>
  <dcterms:contributor>
	Edison, Mina Miller (Mrs Thomas A.)
  </dcterms:contributor>
  <dcterms:subject>
	Bird and Tree Club; Edison, Carolyn Hawkins (Mrs Charles); Edison, Charles; Hitchcock, Halbert Kellogg; Jones, Henrietta Ord; Miller, Grace A; Miller, John Vincent; Nichols, William Wallace; Seminole Lodge and Fort Myers; Edison-Miller family; Health and medicine; Newspapers, books, other publications; Travel
  </dcterms:subject>   
  <dcterms:publisher>
	The Thomas Edison Papers, part of The School of Arts and Sciences at Rutgers, The State University of New Jersey
  </dcterms:publisher>
  <dcterms:source>
	Courtesy of the Charles Edison Fund and Thomas Edison National Historical Park.
  </dcterms:source>
  <dcterms:identifier>
	1036X018C9
  </dcterms:identifier>
  <dcterms:isPartOf>
	[X018C9] Charles Edison Fund Collection, Newark, N.J. Miller Family Papers -- Miller, Mary Emily and Nichols, William Wallace
  </dcterms:isPartOf> 
  <dcterms:isPartOf type="dcterms:URI">
	http://edison.rutgers.edu/NamesSearch/glocpage.php?gloc=X018C9
  </dcterms:isPartOf>
  <dcterms:hasPart type="dcterms:URI">http://edison.rutgers.edu/images/xw/xw3177.jpg</dcterms:hasPart>
  <dcterms:hasPart type="dcterms:URI">http://edison.rutgers.edu/images/xw/xw3178.jpg</dcterms:hasPart>
  <dcterms:hasPart type="dcterms:URI">http://edison.rutgers.edu/images/xw/xw3179.jpg</dcterms:hasPart>
  <dcterms:hasPart type="dcterms:URI">http://edison.rutgers.edu/images/xw/xw3180.jpg</dcterms:hasPart>
</metadata>
