<?xml version="1.0" encoding="UTF-8"?>

<metadata
  xmlns:xsi="http://www.w3.org/2001/XMLSchema-instance"
  xmlns:dc="http://purl.org/dc/elements/1.1/"
  xmlns:dcterms="http://purl.org/dc/terms/">
  
  <dcterms:title>
	Letter from Eaton, Sherburne Blake to Tate, Alfred Ord, November 21, 1890
  </dcterms:title>
  <dcterms:date>
	1890-11-21
  </dcterms:date>
  <dcterms:creator>
  	Eaton, Sherburne Blake
  </dcterms:creator>
  <dcterms:contributor>
	Tate, Alfred Ord
  </dcterms:contributor>
  <dcterms:subject>
	Batchelor, Charles; Management (companies and organizations)
  </dcterms:subject>   
  <dcterms:publisher>
	The Thomas Edison Papers, part of The School of Arts and Sciences at Rutgers, The State University of New Jersey
  </dcterms:publisher>
  <dcterms:source>
	Courtesy of Thomas Edison National Historical Park.
  </dcterms:source>
  <dcterms:identifier>
	CE90083
  </dcterms:identifier>
	<dcterms:identifier>
		TAEM 158:481
	</dcterms:identifier>
  <dcterms:isPartOf>
	[CE90] Company Records Series -- Edison Electric Light Company of Europe, Ltd. Company Records (1890)
  </dcterms:isPartOf> 
  <dcterms:isPartOf type="dcterms:URI">
	http://edison.rutgers.edu/NamesSearch/glocpage.php?gloc=CE90
  </dcterms:isPartOf>
  <dcterms:hasPart type="dcterms:URI">http://edison.rutgers.edu/images/gb/gb0467.jpg</dcterms:hasPart>
  <dcterms:hasPart type="dcterms:URI">http://edison.rutgers.edu/images/gb/gb0468.jpg</dcterms:hasPart>
</metadata>
