<?xml version="1.0" encoding="UTF-8"?>

<metadata
  xmlns:xsi="http://www.w3.org/2001/XMLSchema-instance"
  xmlns:dc="http://purl.org/dc/elements/1.1/"
  xmlns:dcterms="http://purl.org/dc/terms/">
  
  <dcterms:title>
	Letter from Edison, Thomas Alva to Lystrup, John William, August 09, 1920
  </dcterms:title>
  <dcterms:date>
	1920-08-09
  </dcterms:date>
  <dcterms:creator>
  	Edison, Thomas Alva
  </dcterms:creator>
  <dcterms:contributor>
	Lystrup, John William
  </dcterms:contributor>
  <dcterms:subject>
	Electric battery
  </dcterms:subject>   
  <dcterms:publisher>
	The Thomas Edison Papers, part of The School of Arts and Sciences at Rutgers, The State University of New Jersey
  </dcterms:publisher>
  <dcterms:source>
	Images courtesy of The Raab  Collection
  </dcterms:source>
  <dcterms:identifier>
	B063M
  </dcterms:identifier>
  <dcterms:isPartOf>
	[B063] The Raab Collection, Ardmore, Pa. John W. Lystrup Papers
  </dcterms:isPartOf> 
  <dcterms:isPartOf type="dcterms:URI">
	http://edison.rutgers.edu/NamesSearch/glocpage.php?gloc=B063
  </dcterms:isPartOf>
  <dcterms:hasPart type="dcterms:URI">http://edison.rutgers.edu/images/xz/xz0090.jpg</dcterms:hasPart>
</metadata>
