<?xml version="1.0" encoding="UTF-8"?>

<metadata
  xmlns:xsi="http://www.w3.org/2001/XMLSchema-instance"
  xmlns:dc="http://purl.org/dc/elements/1.1/"
  xmlns:dcterms="http://purl.org/dc/terms/">
  
  <dcterms:title>
	Letter from Sawyer, William Edward to New York Sun, January 04, 1880
  </dcterms:title>
  <dcterms:date>
	1880-01-04
  </dcterms:date>
  <dcterms:creator>
  	Sawyer, William Edward
  </dcterms:creator>
  <dcterms:contributor>
	New York Sun
  </dcterms:contributor>
  <dcterms:subject>
	Edison, Thomas Alva; Menlo Park Laboratory; Dynamos and generators; Gas, petroleum, and derivative products; Incandescent lamp
  </dcterms:subject>   
  <dcterms:publisher>
	The Thomas Edison Papers, part of The School of Arts and Sciences at Rutgers, The State University of New Jersey
  </dcterms:publisher>
  <dcterms:source>
	Courtesy of Thomas Edison National Historical Park.
  </dcterms:source>
  <dcterms:identifier>
	CC014022
  </dcterms:identifier>
	<dcterms:identifier>
		TAEM 97:123
	</dcterms:identifier>
  <dcterms:isPartOf>
	[CC014] Company Records Series -- Electric Light Companies -- Domestic -- Edison Company for Isolated Lighting Bulletin #14
  </dcterms:isPartOf> 
  <dcterms:isPartOf type="dcterms:URI">
	http://edison.rutgers.edu/NamesSearch/glocpage.php?gloc=CC014
  </dcterms:isPartOf>
  <dcterms:hasPart type="dcterms:URI">http://edison.rutgers.edu/images/ds/ds0121.jpg</dcterms:hasPart>
</metadata>
