<?xml version="1.0" encoding="UTF-8"?>

<metadata
  xmlns:xsi="http://www.w3.org/2001/XMLSchema-instance"
  xmlns:dc="http://purl.org/dc/elements/1.1/"
  xmlns:dcterms="http://purl.org/dc/terms/">
  
  <dcterms:title>
	Letter from Edison, Thomas Alva to Doolittle, Thomas Benjamin, October 15, 1910
  </dcterms:title>
  <dcterms:date>
	1910-10-15
  </dcterms:date>
  <dcterms:creator>
  	Edison, Thomas Alva
  </dcterms:creator>
  <dcterms:contributor>
	Doolittle, Thomas Benjamin
  </dcterms:contributor>
  <dcterms:subject>
	TAE friends and associates
  </dcterms:subject>   
  <dcterms:publisher>
	The Thomas Edison Papers, part of The School of Arts and Sciences at Rutgers, The State University of New Jersey
  </dcterms:publisher>
  <dcterms:source>
	Courtesy of the Gallery of History, Inc.
  </dcterms:source>
  <dcterms:identifier>
	B056ac
  </dcterms:identifier>
  <dcterms:isPartOf>
	[B056] Gallery of History, Las Vegas, Nev. 
  </dcterms:isPartOf> 
  <dcterms:isPartOf type="dcterms:URI">
	http://edison.rutgers.edu/NamesSearch/glocpage.php?gloc=B056
  </dcterms:isPartOf>
  <dcterms:hasPart type="dcterms:URI">http://edison.rutgers.edu/images/xy/xy1625.jpg</dcterms:hasPart>
</metadata>
