<?xml version="1.0" encoding="UTF-8"?>

<metadata
  xmlns:xsi="http://www.w3.org/2001/XMLSchema-instance"
  xmlns:dc="http://purl.org/dc/elements/1.1/"
  xmlns:dcterms="http://purl.org/dc/terms/">
  
  <dcterms:title>
	Letter from Drexel Morgan & Co to Edison Electric Light Co of Europe Ltd, March 10, 1890
  </dcterms:title>
  <dcterms:date>
	1890-03-10
  </dcterms:date>
  <dcterms:creator>
  	Drexel Morgan & Co
  </dcterms:creator>
  <dcterms:contributor>
	Edison Electric Light Co of Europe Ltd
  </dcterms:contributor>
  <dcterms:subject>
	Stocks, bonds, and investments
  </dcterms:subject>   
  <dcterms:publisher>
	The Thomas Edison Papers, part of The School of Arts and Sciences at Rutgers, The State University of New Jersey
  </dcterms:publisher>
  <dcterms:source>
	Courtesy of Thomas Edison National Historical Park.
  </dcterms:source>
  <dcterms:identifier>
	CE90077
  </dcterms:identifier>
	<dcterms:identifier>
		TAEM 158:475
	</dcterms:identifier>
  <dcterms:isPartOf>
	[CE90] Company Records Series -- Edison Electric Light Company of Europe, Ltd. Company Records (1890)
  </dcterms:isPartOf> 
  <dcterms:isPartOf type="dcterms:URI">
	http://edison.rutgers.edu/NamesSearch/glocpage.php?gloc=CE90
  </dcterms:isPartOf>
  <dcterms:hasPart type="dcterms:URI">http://edison.rutgers.edu/images/gb/gb0461.jpg</dcterms:hasPart>
</metadata>
