<?xml version="1.0" encoding="UTF-8"?>

<metadata
  xmlns:xsi="http://www.w3.org/2001/XMLSchema-instance"
  xmlns:dc="http://purl.org/dc/elements/1.1/"
  xmlns:dcterms="http://purl.org/dc/terms/">
  
  <dcterms:title>
	Letter from Miller, Mary Valinda (Mrs Lewis) to Edison, Marion Estelle, Miller, Grace A, Miller, Mary Emily, Edison, Mina Miller (Mrs Thomas A.) and Edison, Thomas Alva, August 04, 1889
  </dcterms:title>
  <dcterms:date>
	1889-08-04
  </dcterms:date>
  <dcterms:creator>
  	Miller, Mary Valinda (Mrs Lewis)
  </dcterms:creator>
  <dcterms:contributor>
	Edison, Marion Estelle; Miller, Grace A; Miller, Mary Emily; Edison, Mina Miller (Mrs Thomas A.); Edison, Thomas Alva
  </dcterms:contributor>
  <dcterms:subject>
	Alexander, Lucy Ann, (Mrs John E. Hunter); Edison, Madeleine; Edison-Miller family; Health and medicine; Travel (TAE and family)
  </dcterms:subject>   
  <dcterms:publisher>
	The Thomas Edison Papers, part of The School of Arts and Sciences at Rutgers, The State University of New Jersey
  </dcterms:publisher>
  <dcterms:source>
	Courtesy of the Charles Edison Fund.
  </dcterms:source>
  <dcterms:identifier>
	5522X018D1
  </dcterms:identifier>
  <dcterms:isPartOf>
	[X018D1] Charles Edison Fund Collection, Newark, N.J. Miller Family Papers -- Miller, Mary Valinda
  </dcterms:isPartOf> 
  <dcterms:isPartOf type="dcterms:URI">
	http://edison.rutgers.edu/NamesSearch/glocpage.php?gloc=X018D1
  </dcterms:isPartOf>
  <dcterms:hasPart type="dcterms:URI">http://edison.rutgers.edu/images/xw/xw3655.jpg</dcterms:hasPart>
  <dcterms:hasPart type="dcterms:URI">http://edison.rutgers.edu/images/xw/xw3656.jpg</dcterms:hasPart>
</metadata>
