<?xml version="1.0" encoding="UTF-8"?>

<metadata
  xmlns:xsi="http://www.w3.org/2001/XMLSchema-instance"
  xmlns:dc="http://purl.org/dc/elements/1.1/"
  xmlns:dcterms="http://purl.org/dc/terms/">
  
  <dcterms:title>
	Letter from Miller, Mary Emily to Edison, Mina Miller (Mrs Thomas A.), March 29, 1918
  </dcterms:title>
  <dcterms:date>
	1918-03-29
  </dcterms:date>
  <dcterms:creator>
  	Miller, Mary Emily
  </dcterms:creator>
  <dcterms:contributor>
	Edison, Mina Miller (Mrs Thomas A.)
  </dcterms:contributor>
  <dcterms:subject>
	Caruso, Enrico; Cozzens, Sarah Hervey (Mrs Stanley T.); Cozzens, Stanley Thayer; Edison, Carolyn Hawkins (Mrs Charles); Edison, Charles; Edison, Madeleine; Edison, Theodore Miller; Edison, Thomas Alva; Miller, Cora Wise (Mrs Ira M.); Miller, Grace A; Miller, Louise Igoe (Mrs Robert A.); Miller, Mary Valinda (Mrs Lewis); Miller, Rachel Alice; Nichols, Marian; Nichols, William Wallace; Poyer, Charles Edison; Seminole Lodge and Fort Myers; Sloane, Alice Eyre (Mrs T. O'Conor); U.S. Naval Station (Key West); Celebrations (anniversaries, birthdays, holidays); Edison-Miller family; Health and medicine; Health and safety; Music; Reminiscences; World War I
  </dcterms:subject>   
  <dcterms:publisher>
	The Thomas Edison Papers, part of The School of Arts and Sciences at Rutgers, The State University of New Jersey
  </dcterms:publisher>
  <dcterms:source>
	Courtesy of the Charles Edison Fund and Thomas Edison National Historical Park.
  </dcterms:source>
  <dcterms:identifier>
	1032X018C9
  </dcterms:identifier>
  <dcterms:isPartOf>
	[X018C9] Charles Edison Fund Collection, Newark, N.J. Miller Family Papers -- Miller, Mary Emily and Nichols, William Wallace
  </dcterms:isPartOf> 
  <dcterms:isPartOf type="dcterms:URI">
	http://edison.rutgers.edu/NamesSearch/glocpage.php?gloc=X018C9
  </dcterms:isPartOf>
  <dcterms:hasPart type="dcterms:URI">http://edison.rutgers.edu/images/xw/xw3165.jpg</dcterms:hasPart>
  <dcterms:hasPart type="dcterms:URI">http://edison.rutgers.edu/images/xw/xw3166.jpg</dcterms:hasPart>
  <dcterms:hasPart type="dcterms:URI">http://edison.rutgers.edu/images/xw/xw3167.jpg</dcterms:hasPart>
  <dcterms:hasPart type="dcterms:URI">http://edison.rutgers.edu/images/xw/xw3168.jpg</dcterms:hasPart>
  <dcterms:hasPart type="dcterms:URI">http://edison.rutgers.edu/images/xw/xw3169.jpg</dcterms:hasPart>
  <dcterms:hasPart type="dcterms:URI">http://edison.rutgers.edu/images/xw/xw3170.jpg</dcterms:hasPart>
</metadata>
