<?xml version="1.0" encoding="UTF-8"?>

<metadata
  xmlns:xsi="http://www.w3.org/2001/XMLSchema-instance"
  xmlns:dc="http://purl.org/dc/elements/1.1/"
  xmlns:dcterms="http://purl.org/dc/terms/">
  
  <dcterms:title>
	Letter from Mallory, Walter Seeley to Elliott, Alexander, Jr, November 27, 1901
  </dcterms:title>
  <dcterms:date>
	1901-11-27
  </dcterms:date>
  <dcterms:creator>
  	Mallory, Walter Seeley
  </dcterms:creator>
  <dcterms:contributor>
	Elliott, Alexander, Jr
  </dcterms:contributor>
  <dcterms:subject>
	Edison Ore Milling Co Ltd; Edison, Thomas Alva; Contracts and other legal concerns; Patent assignments, licenses, and royalties; Stocks, bonds, and investments
  </dcterms:subject>   
  <dcterms:publisher>
	The Thomas Edison Papers, part of The School of Arts and Sciences at Rutgers, The State University of New Jersey
  </dcterms:publisher>
  <dcterms:source>
	Courtesy of Thomas Edison National Historical Park.
  </dcterms:source>
  <dcterms:identifier>
	CG001AAA
  </dcterms:identifier>
	<dcterms:identifier>
		TAEM 97:385
	</dcterms:identifier>
  <dcterms:isPartOf>
	[CG001] Company Records Series -- Other Companies Edison Ore Milling Co (1879-1900)
  </dcterms:isPartOf> 
  <dcterms:isPartOf type="dcterms:URI">
	http://edison.rutgers.edu/NamesSearch/glocpage.php?gloc=CG001
  </dcterms:isPartOf>
  <dcterms:hasPart type="dcterms:URI">http://edison.rutgers.edu/images/ds/ds0368.jpg</dcterms:hasPart>
</metadata>
