<?xml version="1.0" encoding="UTF-8"?>

<metadata
  xmlns:xsi="http://www.w3.org/2001/XMLSchema-instance"
  xmlns:dc="http://purl.org/dc/elements/1.1/"
  xmlns:dcterms="http://purl.org/dc/terms/">
  
  <dcterms:title>
	Letter from Stevens, Garrett Barcalow to Eaton and Lewis, March 02, 1889
  </dcterms:title>
  <dcterms:date>
	1889-03-02
  </dcterms:date>
  <dcterms:creator>
  	Stevens, Garrett Barcalow
  </dcterms:creator>
  <dcterms:contributor>
	Eaton and Lewis
  </dcterms:contributor>
  <dcterms:subject>
	Hartzell, Henry Kerr; Rowe, William G; Contracts and other legal concerns; Ore exploration and mining; Property
  </dcterms:subject>   
  <dcterms:publisher>
	The Thomas Edison Papers, part of The School of Arts and Sciences at Rutgers, The State University of New Jersey
  </dcterms:publisher>
  <dcterms:source>
	Courtesy of Thomas Edison National Historical Park.
  </dcterms:source>
  <dcterms:identifier>
	CJ001AAE
  </dcterms:identifier>
	<dcterms:identifier>
		TAEM 149:16
	</dcterms:identifier>
  <dcterms:isPartOf>
	[CJ001] Company Records Series -- New Jersey and Pennsylvania Concentrating Works -- Administrative and Financial Records Correspondence (1889)
  </dcterms:isPartOf> 
  <dcterms:isPartOf type="dcterms:URI">
	http://edison.rutgers.edu/NamesSearch/glocpage.php?gloc=CJ001
  </dcterms:isPartOf>
  <dcterms:hasPart type="dcterms:URI">http://edison.rutgers.edu/images/fs/fs0006.jpg</dcterms:hasPart>
</metadata>
