<?xml version="1.0" encoding="UTF-8"?>

<metadata
  xmlns:xsi="http://www.w3.org/2001/XMLSchema-instance"
  xmlns:dc="http://purl.org/dc/elements/1.1/"
  xmlns:dcterms="http://purl.org/dc/terms/">
  
  <dcterms:title>
	Letter from Sawyer, William Edward to New York Herald, August 10, 1880
  </dcterms:title>
  <dcterms:date>
	1880-08-10
  </dcterms:date>
  <dcterms:creator>
  	Sawyer, William Edward
  </dcterms:creator>
  <dcterms:contributor>
	New York Herald
  </dcterms:contributor>
  <dcterms:subject>
	Edison, Thomas Alva; Competition and market structure; Incandescent lamp
  </dcterms:subject>   
  <dcterms:publisher>
	The Thomas Edison Papers, part of The School of Arts and Sciences at Rutgers, The State University of New Jersey
  </dcterms:publisher>
  <dcterms:source>
	Courtesy of Thomas Edison National Historical Park.
  </dcterms:source>
  <dcterms:identifier>
	CC012013
  </dcterms:identifier>
	<dcterms:identifier>
		TAEM 97:97
	</dcterms:identifier>
  <dcterms:isPartOf>
	[CC012] Company Records Series -- Electric Light Companies -- Domestic -- Edison Company for Isolated Lighting Bulletin #12
  </dcterms:isPartOf> 
  <dcterms:isPartOf type="dcterms:URI">
	http://edison.rutgers.edu/NamesSearch/glocpage.php?gloc=CC012
  </dcterms:isPartOf>
  <dcterms:hasPart type="dcterms:URI">http://edison.rutgers.edu/images/ds/ds0095.jpg</dcterms:hasPart>
</metadata>
