<?xml version="1.0" encoding="UTF-8"?>

<metadata
  xmlns:xsi="http://www.w3.org/2001/XMLSchema-instance"
  xmlns:dc="http://purl.org/dc/elements/1.1/"
  xmlns:dcterms="http://purl.org/dc/terms/">
  
  <dcterms:title>
	Letter from Rau, Louis to Edison Electric Light Co of Europe Ltd, November 27, 1888
  </dcterms:title>
  <dcterms:date>
	1888-11-27
  </dcterms:date>
  <dcterms:creator>
  	Rau, Louis
  </dcterms:creator>
  <dcterms:contributor>
	Edison Electric Light Co of Europe Ltd
  </dcterms:contributor>
  <dcterms:subject>
	Swan United Electric Light Co Ltd; Swan's Electric Light Co Ltd; Contracts and other legal concerns; Incandescent lamp; Patent assignments, licenses, and royalties
  </dcterms:subject>   
  <dcterms:publisher>
	The Thomas Edison Papers, part of The School of Arts and Sciences at Rutgers, The State University of New Jersey
  </dcterms:publisher>
  <dcterms:source>
	Courtesy of Thomas Edison National Historical Park.
  </dcterms:source>
  <dcterms:identifier>
	CE88063
  </dcterms:identifier>
	<dcterms:identifier>
		TAEM 158:448
	</dcterms:identifier>
  <dcterms:isPartOf>
	[CE88] Company Records Series -- Edison Electric Light Company of Europe, Ltd. Company Records (1888)
  </dcterms:isPartOf> 
  <dcterms:isPartOf type="dcterms:URI">
	http://edison.rutgers.edu/NamesSearch/glocpage.php?gloc=CE88
  </dcterms:isPartOf>
  <dcterms:hasPart type="dcterms:URI">http://edison.rutgers.edu/images/gb/gb0436.jpg</dcterms:hasPart>
</metadata>
