<?xml version="1.0" encoding="UTF-8"?>

<metadata
  xmlns:xsi="http://www.w3.org/2001/XMLSchema-instance"
  xmlns:dc="http://purl.org/dc/elements/1.1/"
  xmlns:dcterms="http://purl.org/dc/terms/">
  
  <dcterms:title>
	Letter from Daniels, Josephus and U.S. Navy Dept. Secretary to Edison, Madeleine, April 03, 1915
  </dcterms:title>
  <dcterms:date>
	1915-04-03
  </dcterms:date>
  <dcterms:creator>
  	Daniels, Josephus; U.S. Navy Dept. Secretary
  </dcterms:creator>
  <dcterms:contributor>
	Edison, Madeleine
  </dcterms:contributor>
  <dcterms:subject>
	L-8 (Submarine); Electric battery; Ships, yachts, and other vessels
  </dcterms:subject>   
  <dcterms:publisher>
	The Thomas Edison Papers, part of The School of Arts and Sciences at Rutgers, The State University of New Jersey
  </dcterms:publisher>
  <dcterms:source>
	Courtesy of Swann Galleries
  </dcterms:source>
  <dcterms:identifier>
	B037ACB1
  </dcterms:identifier>
  <dcterms:isPartOf>
	[B037A] Swann Galleries, Inc., New York, N.Y. Family Correspondence and Related Documents
  </dcterms:isPartOf> 
  <dcterms:isPartOf type="dcterms:URI">
	http://edison.rutgers.edu/NamesSearch/glocpage.php?gloc=B037A
  </dcterms:isPartOf>
  <dcterms:hasPart type="dcterms:URI">http://edison.rutgers.edu/images/xv/xv3711.jpg</dcterms:hasPart>
</metadata>
