<?xml version="1.0" encoding="UTF-8"?>

<metadata
  xmlns:xsi="http://www.w3.org/2001/XMLSchema-instance"
  xmlns:dc="http://purl.org/dc/elements/1.1/"
  xmlns:dcterms="http://purl.org/dc/terms/">
  
  <dcterms:title>
	Letter from Evarts, William Maxwell and Tomlinson, John Canfield to Edison Electric Light Co and Johnson, Edward Hibberd, December 28, 1887
  </dcterms:title>
  <dcterms:date>
	1887-12-28
  </dcterms:date>
  <dcterms:creator>
  	Evarts, William Maxwell; Tomlinson, John Canfield
  </dcterms:creator>
  <dcterms:contributor>
	Edison Electric Light Co; Johnson, Edward Hibberd
  </dcterms:contributor>
  <dcterms:subject>
	Edison, Thomas Alva; U.S. Supreme Court; Incandescent lamp; International business operations; Patents
  </dcterms:subject>   
  <dcterms:publisher>
	The Thomas Edison Papers, part of The School of Arts and Sciences at Rutgers, The State University of New Jersey
  </dcterms:publisher>
  <dcterms:source>
	Courtesy of Thomas Edison National Historical Park.
  </dcterms:source>
  <dcterms:identifier>
	CA019B2
  </dcterms:identifier>
	<dcterms:identifier>
		TAEM 147:27
	</dcterms:identifier>
  <dcterms:isPartOf>
	[CA019] Primary Printed Series -- Electric Light Companies - Domestic Edison Electric Light Co (1887-1889)
  </dcterms:isPartOf> 
  <dcterms:isPartOf type="dcterms:URI">
	http://edison.rutgers.edu/NamesSearch/glocpage.php?gloc=CA019
  </dcterms:isPartOf>
  <dcterms:hasPart type="dcterms:URI">http://edison.rutgers.edu/images/fq/fq0018.jpg</dcterms:hasPart>
</metadata>
