<?xml version="1.0" encoding="UTF-8"?>

<metadata
  xmlns:xsi="http://www.w3.org/2001/XMLSchema-instance"
  xmlns:dc="http://purl.org/dc/elements/1.1/"
  xmlns:dcterms="http://purl.org/dc/terms/">
  
  <dcterms:title>
	Letter from Edison Electric Illuminating Co (New York) and Beggs, John Irvin to Edison Electric Light Co and Johnson, Edward Hibberd, December 27, 1887
  </dcterms:title>
  <dcterms:date>
	1887-12-27
  </dcterms:date>
  <dcterms:creator>
  	Edison Electric Illuminating Co (New York); Beggs, John Irvin
  </dcterms:creator>
  <dcterms:contributor>
	Edison Electric Light Co; Johnson, Edward Hibberd
  </dcterms:contributor>
  <dcterms:subject>
	Sprague, Frank Julian; Central stations; Loans; Sockets, fuses, meters, and other interior elements
  </dcterms:subject>   
  <dcterms:publisher>
	The Thomas Edison Papers, part of The School of Arts and Sciences at Rutgers, The State University of New Jersey
  </dcterms:publisher>
  <dcterms:source>
	Courtesy of Thomas Edison National Historical Park.
  </dcterms:source>
  <dcterms:identifier>
	CA041H1
  </dcterms:identifier>
	<dcterms:identifier>
		TAEM 147:748
	</dcterms:identifier>
  <dcterms:isPartOf>
	[CA041] Primary Printed Series -- Bound Pamphlets "Instructions for Operating the Edison System of Central Station Lighting" (1886-1888)
  </dcterms:isPartOf> 
  <dcterms:isPartOf type="dcterms:URI">
	http://edison.rutgers.edu/NamesSearch/glocpage.php?gloc=CA041
  </dcterms:isPartOf>
  <dcterms:hasPart type="dcterms:URI">http://edison.rutgers.edu/images/fq/fq0738.jpg</dcterms:hasPart>
</metadata>
