<?xml version="1.0" encoding="UTF-8"?>

<metadata
  xmlns:xsi="http://www.w3.org/2001/XMLSchema-instance"
  xmlns:dc="http://purl.org/dc/elements/1.1/"
  xmlns:dcterms="http://purl.org/dc/terms/">
  
  <dcterms:title>
	Letter from Miller, Lewis Alexander to Edison, Mina Miller (Mrs Thomas A.), March 22, 1920
  </dcterms:title>
  <dcterms:date>
	1920-03-22
  </dcterms:date>
  <dcterms:creator>
  	Miller, Lewis Alexander
  </dcterms:creator>
  <dcterms:contributor>
	Edison, Mina Miller (Mrs Thomas A.)
  </dcterms:contributor>
  <dcterms:subject>
	Edison, Thomas Alva; Hitchcock, Halbert Kellogg; Lighthipe, James A; Miller, Grace A; Miller, Mary Emily; Nichols, William Wallace; Southern California Edison Co; Edison-Miller family; Electric light and power; TAE friends and associates; Travel
  </dcterms:subject>   
  <dcterms:publisher>
	The Thomas Edison Papers, part of The School of Arts and Sciences at Rutgers, The State University of New Jersey
  </dcterms:publisher>
  <dcterms:source>
	Courtesy of the Charles Edison Fund.
  </dcterms:source>
  <dcterms:identifier>
	1050X018C7
  </dcterms:identifier>
  <dcterms:isPartOf>
	[X018C7] Charles Edison Fund Collection, Newark, N.J. Miller Family Papers -- Miller, Lewis Alexander and Cotta Smyser
  </dcterms:isPartOf> 
  <dcterms:isPartOf type="dcterms:URI">
	http://edison.rutgers.edu/NamesSearch/glocpage.php?gloc=X018C7
  </dcterms:isPartOf>
  <dcterms:hasPart type="dcterms:URI">http://edison.rutgers.edu/images/xw/xw3223.jpg</dcterms:hasPart>
  <dcterms:hasPart type="dcterms:URI">http://edison.rutgers.edu/images/xw/xw3224.jpg</dcterms:hasPart>
  <dcterms:hasPart type="dcterms:URI">http://edison.rutgers.edu/images/xw/xw3225.jpg</dcterms:hasPart>
  <dcterms:hasPart type="dcterms:URI">http://edison.rutgers.edu/images/xw/xw3226.jpg</dcterms:hasPart>
</metadata>
