<?xml version="1.0" encoding="UTF-8"?>

<metadata
  xmlns:xsi="http://www.w3.org/2001/XMLSchema-instance"
  xmlns:dc="http://purl.org/dc/elements/1.1/"
  xmlns:dcterms="http://purl.org/dc/terms/">
  
  <dcterms:title>
	Letter from Central Railroad of New Jersey and Peddle, William H to New Jersey and Pennsylvania Concentrating Works, August 06, 1890
  </dcterms:title>
  <dcterms:date>
	1890-08-06
  </dcterms:date>
  <dcterms:creator>
  	Central Railroad of New Jersey; Peddle, William H
  </dcterms:creator>
  <dcterms:contributor>
	New Jersey and Pennsylvania Concentrating Works
  </dcterms:contributor>
  <dcterms:subject>
	Ogden Ore Separating Plant; Ore milling and separation; Property; Railroads and transportation
  </dcterms:subject>   
  <dcterms:publisher>
	The Thomas Edison Papers, part of The School of Arts and Sciences at Rutgers, The State University of New Jersey
  </dcterms:publisher>
  <dcterms:source>
	Courtesy of Thomas Edison National Historical Park.
  </dcterms:source>
  <dcterms:identifier>
	CJ002ADB1
  </dcterms:identifier>
	<dcterms:identifier>
		TAEM 149:160
	</dcterms:identifier>
  <dcterms:isPartOf>
	[CJ002] Company Records Series -- New Jersey and Pennsylvania Concentrating Works -- Administrative and Financial Records Correspondence (1890)
  </dcterms:isPartOf> 
  <dcterms:isPartOf type="dcterms:URI">
	http://edison.rutgers.edu/NamesSearch/glocpage.php?gloc=CJ002
  </dcterms:isPartOf>
  <dcterms:hasPart type="dcterms:URI">http://edison.rutgers.edu/images/fs/fs0149.jpg</dcterms:hasPart>
</metadata>
