<?xml version="1.0" encoding="UTF-8"?>

<metadata
  xmlns:xsi="http://www.w3.org/2001/XMLSchema-instance"
  xmlns:dc="http://purl.org/dc/elements/1.1/"
  xmlns:dcterms="http://purl.org/dc/terms/">
  
  <dcterms:title>
	Letter from Eaton, Sherburne Blake to Tate, Alfred Ord, October 08, 1891
  </dcterms:title>
  <dcterms:date>
	1891-10-08
  </dcterms:date>
  <dcterms:creator>
  	Eaton, Sherburne Blake
  </dcterms:creator>
  <dcterms:contributor>
	Tate, Alfred Ord
  </dcterms:contributor>
  <dcterms:subject>
	Comitato per le Applicazioni dell'Elettricita; Edison General Electric Co; International business operations; Patents; Shipping and materials handling
  </dcterms:subject>   
  <dcterms:publisher>
	The Thomas Edison Papers, part of The School of Arts and Sciences at Rutgers, The State University of New Jersey
  </dcterms:publisher>
  <dcterms:source>
	Courtesy of Thomas Edison National Historical Park.
  </dcterms:source>
  <dcterms:identifier>
	CE91096
  </dcterms:identifier>
	<dcterms:identifier>
		TAEM 158:501
	</dcterms:identifier>
  <dcterms:isPartOf>
	[CE91] Company Records Series -- Edison Electric Light Company of Europe, Ltd. Company Records (1891)
  </dcterms:isPartOf> 
  <dcterms:isPartOf type="dcterms:URI">
	http://edison.rutgers.edu/NamesSearch/glocpage.php?gloc=CE91
  </dcterms:isPartOf>
  <dcterms:hasPart type="dcterms:URI">http://edison.rutgers.edu/images/gb/gb0486.jpg</dcterms:hasPart>
  <dcterms:hasPart type="dcterms:URI">http://edison.rutgers.edu/images/gb/gb0487.jpg</dcterms:hasPart>
</metadata>
