<?xml version="1.0" encoding="UTF-8"?>

<metadata
  xmlns:xsi="http://www.w3.org/2001/XMLSchema-instance"
  xmlns:dc="http://purl.org/dc/elements/1.1/"
  xmlns:dcterms="http://purl.org/dc/terms/">
  
  <dcterms:title>
	Letter from Tate, Alfred Ord to Randolph, John F, January 10, 1891
  </dcterms:title>
  <dcterms:date>
	1891-01-10
  </dcterms:date>
  <dcterms:creator>
  	Tate, Alfred Ord
  </dcterms:creator>
  <dcterms:contributor>
	Randolph, John F
  </dcterms:contributor>
  <dcterms:subject>
	Coster, Charles Henry; Eaton, Sherburne Blake; Management (companies and organizations); Stocks, bonds, and investments
  </dcterms:subject>   
  <dcterms:publisher>
	The Thomas Edison Papers, part of The School of Arts and Sciences at Rutgers, The State University of New Jersey
  </dcterms:publisher>
  <dcterms:source>
	Courtesy of Thomas Edison National Historical Park.
  </dcterms:source>
  <dcterms:identifier>
	CE91086
  </dcterms:identifier>
	<dcterms:identifier>
		TAEM 158:485
	</dcterms:identifier>
  <dcterms:isPartOf>
	[CE91] Company Records Series -- Edison Electric Light Company of Europe, Ltd. Company Records (1891)
  </dcterms:isPartOf> 
  <dcterms:isPartOf type="dcterms:URI">
	http://edison.rutgers.edu/NamesSearch/glocpage.php?gloc=CE91
  </dcterms:isPartOf>
  <dcterms:hasPart type="dcterms:URI">http://edison.rutgers.edu/images/gb/gb0470.jpg</dcterms:hasPart>
  <dcterms:hasPart type="dcterms:URI">http://edison.rutgers.edu/images/gb/gb0471.jpg</dcterms:hasPart>
</metadata>
