<?xml version="1.0" encoding="UTF-8"?>

<metadata
  xmlns:xsi="http://www.w3.org/2001/XMLSchema-instance"
  xmlns:dc="http://purl.org/dc/elements/1.1/"
  xmlns:dcterms="http://purl.org/dc/terms/">
  
  <dcterms:title>
	Letter from Bethlehem Iron Co and Linderman, Robert Packer to Perry, William S, June 06, 1891
  </dcterms:title>
  <dcterms:date>
	1891-06-06
  </dcterms:date>
  <dcterms:creator>
  	Bethlehem Iron Co; Linderman, Robert Packer
  </dcterms:creator>
  <dcterms:contributor>
	Perry, William S
  </dcterms:contributor>
  <dcterms:subject>
	Edison, Thomas Alva; Contracts and other legal concerns; Ore concentrate; Sales and service
  </dcterms:subject>   
  <dcterms:publisher>
	The Thomas Edison Papers, part of The School of Arts and Sciences at Rutgers, The State University of New Jersey
  </dcterms:publisher>
  <dcterms:source>
	Courtesy of Thomas Edison National Historical Park.
  </dcterms:source>
  <dcterms:identifier>
	CJ003ACY
  </dcterms:identifier>
	<dcterms:identifier>
		TAEM 149:309
	</dcterms:identifier>
  <dcterms:isPartOf>
	[CJ003] Company Records Series -- New Jersey and Pennsylvania Concentrating Works -- Administrative and Financial Records Correspondence (1891)
  </dcterms:isPartOf> 
  <dcterms:isPartOf type="dcterms:URI">
	http://edison.rutgers.edu/NamesSearch/glocpage.php?gloc=CJ003
  </dcterms:isPartOf>
  <dcterms:hasPart type="dcterms:URI">http://edison.rutgers.edu/images/fs/fs0297.jpg</dcterms:hasPart>
</metadata>
