<?xml version="1.0" encoding="UTF-8"?>

<metadata
  xmlns:xsi="http://www.w3.org/2001/XMLSchema-instance"
  xmlns:dc="http://purl.org/dc/elements/1.1/"
  xmlns:dcterms="http://purl.org/dc/terms/">
  
  <dcterms:title>
	Letter from Miller, Mary Emily to Edison, Mina Miller (Mrs Thomas A.) and Edison, Thomas Alva, February 07, 1918
  </dcterms:title>
  <dcterms:date>
	1918-02-07
  </dcterms:date>
  <dcterms:creator>
  	Miller, Mary Emily
  </dcterms:creator>
  <dcterms:contributor>
	Edison, Mina Miller (Mrs Thomas A.); Edison, Thomas Alva
  </dcterms:contributor>
  <dcterms:subject>
	Duel, Arthur Baldwin; Edison, Charles; Edison, Theodore Miller; Hitchcock, Halbert Kellogg; Jenney, Mary Bruce (Mrs Charles F.); Kunz, Elizabeth H; Kunz, George Frederick; McGuire, Julia F (Mrs. John F.); Miller, Cora Wise (Mrs Ira M.); Miller, Cotta Smyser (Mrs Lewis A.); Miller, Grace A; Miller, John Vincent; Miller, Lewis Alexander; Miller, Milton Smyser; Monhegan Island (Maine); Nichols, Marian; Nichols, William Wallace; Schmidt, Emily L (Mrs Henry H.); Schmidt, Heinrich; Schmidt, Karl; Seminole Lodge and Fort Myers; Traut, Cornelia Stockton (Mrs Frederick A.); U.S. Naval Station (Key West); Celebrations (anniversaries, birthdays, holidays); Edison-Miller family; Health and medicine; Reminiscences; Travel (TAE and family); World War I
  </dcterms:subject>   
  <dcterms:publisher>
	The Thomas Edison Papers, part of The School of Arts and Sciences at Rutgers, The State University of New Jersey
  </dcterms:publisher>
  <dcterms:source>
	Courtesy of the Charles Edison Fund and Thomas Edison National Historical Park.
  </dcterms:source>
  <dcterms:identifier>
	1023X018C9
  </dcterms:identifier>
  <dcterms:isPartOf>
	[X018C9] Charles Edison Fund Collection, Newark, N.J. Miller Family Papers -- Miller, Mary Emily and Nichols, William Wallace
  </dcterms:isPartOf> 
  <dcterms:isPartOf type="dcterms:URI">
	http://edison.rutgers.edu/NamesSearch/glocpage.php?gloc=X018C9
  </dcterms:isPartOf>
  <dcterms:hasPart type="dcterms:URI">http://edison.rutgers.edu/images/xw/xw3141.jpg</dcterms:hasPart>
  <dcterms:hasPart type="dcterms:URI">http://edison.rutgers.edu/images/xw/xw3142.jpg</dcterms:hasPart>
  <dcterms:hasPart type="dcterms:URI">http://edison.rutgers.edu/images/xw/xw3143.jpg</dcterms:hasPart>
  <dcterms:hasPart type="dcterms:URI">http://edison.rutgers.edu/images/xw/xw3144.jpg</dcterms:hasPart>
  <dcterms:hasPart type="dcterms:URI">http://edison.rutgers.edu/images/xw/xw3145.jpg</dcterms:hasPart>
  <dcterms:hasPart type="dcterms:URI">http://edison.rutgers.edu/images/xw/xw3146.jpg</dcterms:hasPart>
  <dcterms:hasPart type="dcterms:URI">http://edison.rutgers.edu/images/xw/xw3147.jpg</dcterms:hasPart>
  <dcterms:hasPart type="dcterms:URI">http://edison.rutgers.edu/images/xw/xw3148.jpg</dcterms:hasPart>
  <dcterms:hasPart type="dcterms:URI">http://edison.rutgers.edu/images/xw/xw3149.jpg</dcterms:hasPart>
</metadata>
