<?xml version="1.0" encoding="UTF-8"?>

<metadata
  xmlns:xsi="http://www.w3.org/2001/XMLSchema-instance"
  xmlns:dc="http://purl.org/dc/elements/1.1/"
  xmlns:dcterms="http://purl.org/dc/terms/">
  
  <dcterms:title>
	Letter from Weston, Edward to Scientific American, October 13, 1879
  </dcterms:title>
  <dcterms:date>
	1879-10-13
  </dcterms:date>
  <dcterms:creator>
  	Weston, Edward
  </dcterms:creator>
  <dcterms:contributor>
	Scientific American
  </dcterms:contributor>
  <dcterms:subject>
	Edison, Thomas Alva; Keely, John Worrell; Dynamos and generators; Mathematics; Newspapers, books, other publications
  </dcterms:subject>   
  <dcterms:publisher>
	The Thomas Edison Papers, part of The School of Arts and Sciences at Rutgers, The State University of New Jersey
  </dcterms:publisher>
  <dcterms:source>
	Courtesy of Thomas Edison National Historical Park.
  </dcterms:source>
  <dcterms:identifier>
	CC012015
  </dcterms:identifier>
	<dcterms:identifier>
		TAEM 97:98
	</dcterms:identifier>
  <dcterms:isPartOf>
	[CC012] Company Records Series -- Electric Light Companies -- Domestic -- Edison Company for Isolated Lighting Bulletin #12
  </dcterms:isPartOf> 
  <dcterms:isPartOf type="dcterms:URI">
	http://edison.rutgers.edu/NamesSearch/glocpage.php?gloc=CC012
  </dcterms:isPartOf>
  <dcterms:hasPart type="dcterms:URI">http://edison.rutgers.edu/images/ds/ds0096.jpg</dcterms:hasPart>
  <dcterms:hasPart type="dcterms:URI">http://edison.rutgers.edu/images/ds/ds0097.jpg</dcterms:hasPart>
  <dcterms:hasPart type="dcterms:URI">http://edison.rutgers.edu/images/ds/ds0098.jpg</dcterms:hasPart>
</metadata>
