<?xml version="1.0" encoding="UTF-8"?>

<metadata
  xmlns:xsi="http://www.w3.org/2001/XMLSchema-instance"
  xmlns:dc="http://purl.org/dc/elements/1.1/"
  xmlns:dcterms="http://purl.org/dc/terms/">
  
  <dcterms:title>
	Letter from Miller, Mary Emily to Edison, Mina Miller (Mrs Thomas A.), June 24, 1918
  </dcterms:title>
  <dcterms:date>
	1918-06-24
  </dcterms:date>
  <dcterms:creator>
  	Miller, Mary Emily
  </dcterms:creator>
  <dcterms:contributor>
	Edison, Mina Miller (Mrs Thomas A.)
  </dcterms:contributor>
  <dcterms:subject>
	Atlantic Monthly; Edison, Madeleine; Edison, Theodore Miller; Edison, Thomas Alva; Miller, Edward Burkett; Miller, Mary Valinda (Mrs Lewis); Miller, Mary Valinda, (Estate); Miller, Rachel Alice; Miller, Robert Anderson, Jr; Nichols, Marian; Nichols, William Wallace; Page, John Randolph; Celebrations (anniversaries, birthdays, holidays); Edison-Miller family; Finances; Health and medicine; Music; Newspapers, books, other publications; Property; Reminiscences; TAE personality and character; Travel; World War I
  </dcterms:subject>   
  <dcterms:publisher>
	The Thomas Edison Papers, part of The School of Arts and Sciences at Rutgers, The State University of New Jersey
  </dcterms:publisher>
  <dcterms:source>
	Courtesy of the Charles Edison Fund and Thomas Edison National Historical Park.
  </dcterms:source>
  <dcterms:identifier>
	1028X018C9
  </dcterms:identifier>
  <dcterms:isPartOf>
	[X018C9] Charles Edison Fund Collection, Newark, N.J. Miller Family Papers -- Miller, Mary Emily and Nichols, William Wallace
  </dcterms:isPartOf> 
  <dcterms:isPartOf type="dcterms:URI">
	http://edison.rutgers.edu/NamesSearch/glocpage.php?gloc=X018C9
  </dcterms:isPartOf>
  <dcterms:hasPart type="dcterms:URI">http://edison.rutgers.edu/images/xw/xw3156.jpg</dcterms:hasPart>
  <dcterms:hasPart type="dcterms:URI">http://edison.rutgers.edu/images/xw/xw3157.jpg</dcterms:hasPart>
  <dcterms:hasPart type="dcterms:URI">http://edison.rutgers.edu/images/xw/xw3158.jpg</dcterms:hasPart>
  <dcterms:hasPart type="dcterms:URI">http://edison.rutgers.edu/images/xw/xw3159.jpg</dcterms:hasPart>
  <dcterms:hasPart type="dcterms:URI">http://edison.rutgers.edu/images/xw/xw3160.jpg</dcterms:hasPart>
  <dcterms:hasPart type="dcterms:URI">http://edison.rutgers.edu/images/xw/xw3161.jpg</dcterms:hasPart>
  <dcterms:hasPart type="dcterms:URI">http://edison.rutgers.edu/images/xw/xw3162.jpg</dcterms:hasPart>
  <dcterms:hasPart type="dcterms:URI">http://edison.rutgers.edu/images/xw/xw3163.jpg</dcterms:hasPart>
  <dcterms:hasPart type="dcterms:URI">http://edison.rutgers.edu/images/xw/xw3164.jpg</dcterms:hasPart>
</metadata>
