<?xml version="1.0" encoding="UTF-8"?>

<metadata
  xmlns:xsi="http://www.w3.org/2001/XMLSchema-instance"
  xmlns:dc="http://purl.org/dc/elements/1.1/"
  xmlns:dcterms="http://purl.org/dc/terms/">
  
  <dcterms:title>
	Letter from Gildea, P F to Edison, Thomas Alva, June 08, 1891
  </dcterms:title>
  <dcterms:date>
	1891-06-08
  </dcterms:date>
  <dcterms:creator>
  	Gildea, P F
  </dcterms:creator>
  <dcterms:contributor>
	Edison, Thomas Alva
  </dcterms:contributor>
  <dcterms:subject>
	Livor, Henry M; Ore exploration and mining; Tools and machinery
  </dcterms:subject>   
  <dcterms:publisher>
	The Thomas Edison Papers, part of The School of Arts and Sciences at Rutgers, The State University of New Jersey
  </dcterms:publisher>
  <dcterms:source>
	Courtesy of Thomas Edison National Historical Park.
  </dcterms:source>
  <dcterms:identifier>
	CJ003ADB
  </dcterms:identifier>
	<dcterms:identifier>
		TAEM 149:311
	</dcterms:identifier>
  <dcterms:isPartOf>
	[CJ003] Company Records Series -- New Jersey and Pennsylvania Concentrating Works -- Administrative and Financial Records Correspondence (1891)
  </dcterms:isPartOf> 
  <dcterms:isPartOf type="dcterms:URI">
	http://edison.rutgers.edu/NamesSearch/glocpage.php?gloc=CJ003
  </dcterms:isPartOf>
  <dcterms:hasPart type="dcterms:URI">http://edison.rutgers.edu/images/fs/fs0299.jpg</dcterms:hasPart>
  <dcterms:hasPart type="dcterms:URI">http://edison.rutgers.edu/images/fs/fs0300.jpg</dcterms:hasPart>
</metadata>
