<?xml version="1.0" encoding="UTF-8"?>

<metadata
  xmlns:xsi="http://www.w3.org/2001/XMLSchema-instance"
  xmlns:dc="http://purl.org/dc/elements/1.1/"
  xmlns:dcterms="http://purl.org/dc/terms/">
  
  <dcterms:title>
	Letter from Dyer, Philip Sidney to Edison Lamp Co and Upton, Francis Robbins, October 13, 1888
  </dcterms:title>
  <dcterms:date>
	1888-10-13
  </dcterms:date>
  <dcterms:creator>
  	Dyer, Philip Sidney
  </dcterms:creator>
  <dcterms:contributor>
	Edison Lamp Co; Upton, Francis Robbins
  </dcterms:contributor>
  <dcterms:subject>
	Compagnie Continentale Edison; Coster, Charles Henry; International business operations; Management (companies and organizations); Patent assignments, licenses, and royalties
  </dcterms:subject>   
  <dcterms:publisher>
	The Thomas Edison Papers, part of The School of Arts and Sciences at Rutgers, The State University of New Jersey
  </dcterms:publisher>
  <dcterms:source>
	Courtesy of Thomas Edison National Historical Park.
  </dcterms:source>
  <dcterms:identifier>
	CE88054
  </dcterms:identifier>
	<dcterms:identifier>
		TAEM 158:436
	</dcterms:identifier>
  <dcterms:isPartOf>
	[CE88] Company Records Series -- Edison Electric Light Company of Europe, Ltd. Company Records (1888)
  </dcterms:isPartOf> 
  <dcterms:isPartOf type="dcterms:URI">
	http://edison.rutgers.edu/NamesSearch/glocpage.php?gloc=CE88
  </dcterms:isPartOf>
  <dcterms:hasPart type="dcterms:URI">http://edison.rutgers.edu/images/gb/gb0424.jpg</dcterms:hasPart>
</metadata>
