<?xml version="1.0" encoding="UTF-8"?>

<metadata
  xmlns:xsi="http://www.w3.org/2001/XMLSchema-instance"
  xmlns:dc="http://purl.org/dc/elements/1.1/"
  xmlns:dcterms="http://purl.org/dc/terms/">
  
  <dcterms:title>
	Letter from Gilpin, Charles, Jr to Perry, William S, May 18, 1891
  </dcterms:title>
  <dcterms:date>
	1891-05-18
  </dcterms:date>
  <dcterms:creator>
  	Gilpin, Charles, Jr
  </dcterms:creator>
  <dcterms:contributor>
	Perry, William S
  </dcterms:contributor>
  <dcterms:subject>
	Andover Iron Co; Ogden Iron Co; Financial operations (companies and organizations); Purchases; Stocks, bonds, and investments
  </dcterms:subject>   
  <dcterms:publisher>
	The Thomas Edison Papers, part of The School of Arts and Sciences at Rutgers, The State University of New Jersey
  </dcterms:publisher>
  <dcterms:source>
	Courtesy of Thomas Edison National Historical Park.
  </dcterms:source>
  <dcterms:identifier>
	CJ003ABW1
  </dcterms:identifier>
	<dcterms:identifier>
		TAEM 149:273
	</dcterms:identifier>
  <dcterms:isPartOf>
	[CJ003] Company Records Series -- New Jersey and Pennsylvania Concentrating Works -- Administrative and Financial Records Correspondence (1891)
  </dcterms:isPartOf> 
  <dcterms:isPartOf type="dcterms:URI">
	http://edison.rutgers.edu/NamesSearch/glocpage.php?gloc=CJ003
  </dcterms:isPartOf>
  <dcterms:hasPart type="dcterms:URI">http://edison.rutgers.edu/images/fs/fs0261.jpg</dcterms:hasPart>
  <dcterms:hasPart type="dcterms:URI">http://edison.rutgers.edu/images/fs/fs0262.jpg</dcterms:hasPart>
  <dcterms:hasPart type="dcterms:URI">http://edison.rutgers.edu/images/fs/fs0263.jpg</dcterms:hasPart>
</metadata>
