<?xml version="1.0" encoding="UTF-8"?>

<metadata
  xmlns:xsi="http://www.w3.org/2001/XMLSchema-instance"
  xmlns:dc="http://purl.org/dc/elements/1.1/"
  xmlns:dcterms="http://purl.org/dc/terms/">
  
  <dcterms:title>
	Letter from Miller, Mary Emily, Nichols, William Wallace and Nichols, Marian to Edison, Mina Miller (Mrs Thomas A.) and Edison, Thomas Alva, August 17, 1926
  </dcterms:title>
  <dcterms:date>
	1926-08-17
  </dcterms:date>
  <dcterms:creator>
  	Miller, Mary Emily; Nichols, William Wallace; Nichols, Marian
  </dcterms:creator>
  <dcterms:contributor>
	Edison, Mina Miller (Mrs Thomas A.); Edison, Thomas Alva
  </dcterms:contributor>
  <dcterms:subject>
	Chautauqua Institution; Miller (Lewis) Cottage; Miller, Lewis; Miller, Lewis Alexander; Miller, Mary Valinda (Mrs Lewis); Edison-Miller family; Gardening and landscaping
  </dcterms:subject>   
  <dcterms:publisher>
	The Thomas Edison Papers, part of The School of Arts and Sciences at Rutgers, The State University of New Jersey
  </dcterms:publisher>
  <dcterms:source>
	Courtesy of the Charles Edison Fund and Thomas Edison National Historical Park.
  </dcterms:source>
  <dcterms:identifier>
	1096X018C9
  </dcterms:identifier>
  <dcterms:isPartOf>
	[X018C9] Charles Edison Fund Collection, Newark, N.J. Miller Family Papers -- Miller, Mary Emily and Nichols, William Wallace
  </dcterms:isPartOf> 
  <dcterms:isPartOf type="dcterms:URI">
	http://edison.rutgers.edu/NamesSearch/glocpage.php?gloc=X018C9
  </dcterms:isPartOf>
  <dcterms:hasPart type="dcterms:URI">http://edison.rutgers.edu/images/xw/xw3324.jpg</dcterms:hasPart>
  <dcterms:hasPart type="dcterms:URI">http://edison.rutgers.edu/images/xw/xw3325.jpg</dcterms:hasPart>
  <dcterms:hasPart type="dcterms:URI">http://edison.rutgers.edu/images/xw/xw3326.jpg</dcterms:hasPart>
</metadata>
