<?xml version="1.0" encoding="UTF-8"?>

<metadata
  xmlns:xsi="http://www.w3.org/2001/XMLSchema-instance"
  xmlns:dc="http://purl.org/dc/elements/1.1/"
  xmlns:dcterms="http://purl.org/dc/terms/">
  
  <dcterms:title>
	Letter from Kirby, John T to Edison, Thomas Alva, June 22, 1908
  </dcterms:title>
  <dcterms:date>
	1908-06-22
  </dcterms:date>
  <dcterms:creator>
  	Kirby, John T
  </dcterms:creator>
  <dcterms:contributor>
	Edison, Thomas Alva
  </dcterms:contributor>
  <dcterms:subject>
	Edison Ore Milling Co Ltd; Ogden Ore Separating Plant; Ore milling and separation; Profits and losses; Stocks, bonds, and investments
  </dcterms:subject>   
  <dcterms:publisher>
	The Thomas Edison Papers, part of The School of Arts and Sciences at Rutgers, The State University of New Jersey
  </dcterms:publisher>
  <dcterms:source>
	Courtesy of Thomas Edison National Historical Park.
  </dcterms:source>
  <dcterms:identifier>
	CGA009
  </dcterms:identifier>
	<dcterms:identifier>
		TAEM 148:640
	</dcterms:identifier>
  <dcterms:isPartOf>
	[CGA] Company Records Series -- Edison Ore Milling Company, Ltd. Administrative Records (1892-1908)
  </dcterms:isPartOf> 
  <dcterms:isPartOf type="dcterms:URI">
	http://edison.rutgers.edu/NamesSearch/glocpage.php?gloc=CGA
  </dcterms:isPartOf>
  <dcterms:hasPart type="dcterms:URI">http://edison.rutgers.edu/images/fr/fr0629.jpg</dcterms:hasPart>
</metadata>
